ACCOUNT_NO.,ACCOUNT_NAME,SCHEME_TYPE,CLS_BALANCE,AMOUNT,INT_RATE,ACCT_OPEN_DATE _OPEN_EFFECTIVE_DATE,MATURITY_DATE,CRNCY,USD_AMMOUNT
LA500300013695,NOVA MERCHANT BANK,LAA,"-58,910.00","58,910.00",6.08,1/4/2022,2022-07-01,USD,58910
LA500300013793,SUNTRUST BANK NIGERIA LIMITED,LAA,"-93,107.00","93,107.00",6.28,2/1/2022,2022-07-01,USD,93107
LA500300012694,SUNTRUST BANK NIGERIA LIMITED,LAA,"-2,558,514.22","2,558,514.22",5.92,3/11/2021,2022-07-02,USD,2558514.22
LA500300012618,SUNTRUST BANK NIGERIA LIMITED,LAA,"-565,493.85","565,493.85",5.93,2/26/2021,2022-07-02,USD,565493.85
GBP50031931101,INTERSOL ACCOUNT,OAB,"27,628.45","-27,628.45",0.0,7/1/2008,2022-07-02,GBP,-33693.23171
GBP50031911101,SPOT POSITION USD/GBP,OAB,"-17,585.57","17,585.57",0.0,7/1/2008,2022-07-02,GBP,21445.81707
GBP50031601002,AIR LOANS - NONRELATED BANKS,OAB,-329.3,329.3,0.0,12/22/2020,2022-07-02,GBP,401.5853659
GBP50018002003,FX SPOT CONTINGENT CONTRA A/C,OAB,"-9,114.32","9,114.32",0.0,7/1/2008,2022-07-02,GBP,11115.02439
GBP50017002009,FX SPOT CONTINGENT (INTER-BANK,OAB,"9,114.32","-9,114.32",0.0,7/1/2008,2022-07-02,GBP,-11115.02439
GBP50012508046,ACCOUNTS PAYABLE OTHERS,OAB,68.59,-68.59,0.0,7/1/2008,2022-07-02,GBP,-83.64634146
GBP50011931101,INTERSOL ACCOUNT,OAB,"-27,628.45","27,628.45",0.0,7/1/2008,2022-07-02,GBP,33693.23171
GBP50011911113,SPOT POSITION GBP,OAB,"-281,033.63","281,033.63",0.0,7/1/2008,2022-07-02,GBP,342723.939
GBP50011911107,GBP (POSITION) ACCOUNT,OAB,"300,347.14","-300,347.14",0.0,7/1/2008,2022-07-02,GBP,-366277
GBP50011213001,"STANDARD CHARTERED BANK, LONDO",OAB,"-670,160.60","670,160.60",0.0,1/6/2014,2022-07-02,GBP,817269.0244
5.00172E+13,GLOBUS BANK LIMITED WIRE CLEAR,ODA,"1,412,835.08","-1,412,835.08",0.01,2/3/2020,2022-07-02,USD,-1412835.08
5.00172E+13,GLOBUS BANK LIMITED,ODA,"2,665.98","-2,665.98",0.3,1/30/2020,2022-07-02,EUR,
5.00172E+13,GLOBUS BANK LIMITED,ODA,"10,980.00","-10,980.00",0.3,1/30/2020,2022-07-02,GBP,
5.00122E+13,NNPC/NAOC JV CONS/DISB A/C-EBO,ODA,100.21,-100.21,0.01,9/21/2012,2022-07-02,USD,-100.21
5.00172E+13,OANDO TRADING DMCC,ODA,"30,383.18","-30,383.18",0.01,7/3/2017,2022-07-02,USD,-30383.18
5.00172E+13,WEMA BANK PLC.,ODA,"157,409.21","-157,409.21",0.0,9/28/2011,2022-07-02,USD,-157409.21
5.00172E+13,ACCESS BANK NIG. PLC A/C 2,ODA,"3,019,603.12","-3,019,603.12",0.0,7/1/2008,2022-07-02,USD,-3019603.12
5.00172E+13,POLARIS BANK PLC,ODA,"267,915.69","-267,915.69",0.01,7/1/2008,2022-07-02,USD,-267915.69
5.00172E+13,STERLING BANK PLC - DOM (USD),ODA,"752,287.68","-752,287.68",0.01,7/1/2008,2022-07-02,USD,-752287.68
LA500300013510,SUNTRUST BANK NIGERIA LIMITED,LAA,"-19,314.22","19,314.22",5.87,9/17/2021,2022-07-02,USD,19314.22
5.0017E+13,CELETRANS NIG. LTD. - DDA GBP,ODA,"19,102.41","-19,102.41",0.3,7/1/2008,2022-07-02,GBP,
EUR50011213001,STANDARD CHARTERED BANK FRANKF,OAB,"-7,319,191.65","7,319,191.65",0.0,1/2/2014,2022-07-02,EUR,"7,704,412.26"
LA500300012989,SUNTRUST BANK NIGERIA LIMITED,LAA,"-157,193.66","157,193.66",5.95,5/7/2021,2022-07-02,USD,157193.66
LA500300013036,SUNTRUST BANK NIGERIA LIMITED,LAA,"-187,580.25","187,580.25",6.43,5/19/2021,2022-07-02,USD,187580.25
LA500300013139,SUNTRUST BANK NIGERIA LIMITED,LAA,"-38,328.71","38,328.71",5.91,6/9/2021,2022-07-02,USD,38328.71
5.00172E+13,TITAN BANK WIRE CLEARING,ODA,"372,289.14","-372,289.14",0.01,4/3/2020,2022-07-02,USD,-372289.14
5.00172E+13,NOVA MERCHANT BANK WIRE CLEARI,ODA,"2,588,025.25","-2,588,025.25",0.01,4/3/2020,2022-07-02,USD,-2588025.25
5.00172E+13,HERITAGE BANK PLC INTEREST AND,ODA,"27,792.77","-27,792.77",0.01,3/11/2020,2022-07-02,USD,-27792.77
5.00172E+13,TITAN BANK MASTERCARD SETTLEME,ODA,"29,843.07","-29,843.07",0.01,2/26/2020,2022-07-02,USD,-29843.07
5.00172E+13,HERITAGE BANK PLC EXPORT PROCE,ODA,"18,592.25","-18,592.25",0.0,2/25/2020,2022-07-02,USD,-18592.25
5.00172E+13,CORONATION MERCHANT- USD WIRE,ODA,"1,214,017.28","-1,214,017.28",0.0,2/19/2020,2022-07-02,USD,-1214017.28
5.00172E+13,NIGERIAN EXPORT IMPORT BANK,ODA,"100,012.04","-100,012.04",0.01,2/18/2020,2022-07-02,USD,-100012.04
5.00172E+13,MOZA BANCO SA,ODA,"99,752.28","-99,752.28",0.01,2/3/2020,2022-07-02,USD,-99752.28
5.00172E+13,GLOBUS BANK LIMITED WIRE CLEAR,ODA,"6,282.00","-6,282.00",0.3,2/3/2020,2022-07-02,EUR,
5.00172E+13,GLOBUS BANK LIMITED WIRE CLEAR,ODA,"57,406.32","-57,406.32",0.3,2/3/2020,2022-07-02,GBP,
5.003E+13,CHEVRON NIGERIA LIMITED (CNL),ODA,"5,610,938.61","-5,610,938.61",0.0,9/20/2017,2022-07-02,USD,-5610938.61
5.0017E+13,CELETRANS NIG. LTD.- DDA A/C E,ODA,"50,558.32","-50,558.32",0.3,7/1/2008,2022-07-02,EUR,
5.003E+13,SHELL PETROLEUM DEV. CO. LTD.,ODA,"2,122,517.96","-2,122,517.96",0.01,9/22/2017,2022-07-02,USD,-2122517.96
LA500300013030,SUNTRUST BANK NIGERIA LIMITED,LAA,"-58,810.39","58,810.39",5.87,5/17/2021,2022-07-02,USD,58810.39
LA500300013350,SUNTRUST BANK NIGERIA LIMITED,LAA,"-38,023.75","38,023.75",5.85,8/23/2021,2022-07-02,USD,38023.75
LA500300013312,SUNTRUST BANK NIGERIA LIMITED,LAA,"-70,528.89","70,528.89",5.87,8/5/2021,2022-07-02,USD,70528.89
LA500300013271,SUNTRUST BANK NIGERIA LIMITED,LAA,"-96,809.78","96,809.78",5.88,7/20/2021,2022-07-02,USD,96809.78
LA500300013259,SUNTRUST BANK NIGERIA LIMITED,LAA,"-54,347.35","54,347.35",5.87,7/15/2021,2022-07-02,USD,54347.35
LA500300013258,SUNTRUST BANK NIGERIA LIMITED,LAA,"-54,347.35","54,347.35",5.87,7/15/2021,2022-07-02,USD,54347.35
LA500300013225,SUNTRUST BANK NIGERIA LIMITED,LAA,"-67,979.14","67,979.14",5.91,7/9/2021,2022-07-02,USD,67979.14
LA500300013182,SUNTRUST BANK NIGERIA LIMITED,LAA,"-81,576.88","81,576.88",5.89,6/25/2021,2022-07-02,USD,81576.88
LA500300013152,SUNTRUST BANK NIGERIA LIMITED,LAA,"-37,002.59","37,002.59",5.9,6/15/2021,2022-07-02,USD,37002.59
LA500300013151,SUNTRUST BANK NIGERIA LIMITED,LAA,"-118,783.75","118,783.75",5.9,6/15/2021,2022-07-02,USD,118783.75
LA500300013149,SUNTRUST BANK NIGERIA LIMITED,LAA,"-46,163.25","46,163.25",5.86,6/14/2021,2022-07-02,USD,46163.25
5.00301E+13,NNPC - CARRY PROCEEDS A/C - GB,CAA,"547,834.00","-547,834.00",0.01,11/20/2013,2022-07-02,USD,-547834
5.0013E+13,FCMB CURRENT A/C USD,ODA,"18,408.11","-18,408.11",0.0,7/1/2008,2022-07-02,USD,-18408.11
5.00125E+13,UBA FEM A/C EURO,ODA,"139,674.95","-139,674.95",0.3,8/15/2016,2022-07-02,EUR,
5.00125E+13,UNITED BANK FOR AFRICA - FEM A,ODA,"-11,940,873.41","11,940,873.41",7.1,7/1/2008,2022-07-02,USD,11940873.41
5.00172E+13,ZAMBIA INDUSTRIAL COMMERCIAL B,ODA,"57,450.19","-57,450.19",0.3,11/12/2019,2022-07-02,EUR,
5.00172E+13,ZAMBIA INDUSTRIAL COMMERCIAL B,ODA,"2,791,075.74","-2,791,075.74",0.01,11/8/2019,2022-07-02,USD,-2791075.74
5.00172E+13,HERITAGE BANK PLC TRADING ACCO,ODA,"5,801.00","-5,801.00",0.01,11/8/2019,2022-07-02,USD,-5801
5.00172E+13,TITAN TRUST BANK LIMITED,ODA,"5,538,504.00","-5,538,504.00",0.01,8/6/2019,2022-07-02,USD,-5538504
5.00172E+13,NOVA MERCHANT BANK,ODA,655.15,-655.15,0.3,3/9/2018,2022-07-02,GBP,
5.00172E+13,CARL BANK LIMITED,ODA,0.02,-0.02,0.01,7/22/2019,2022-07-02,USD,-0.02
5.00172E+13,UNITY BANK PLC,ODA,"30,553.32","-30,553.32",0.3,7/17/2019,2022-07-02,GBP,
5.00172E+13,UNITY BANK PLC,ODA,177.46,-177.46,0.3,7/17/2019,2022-07-02,EUR,
5.00172E+13,UNITY BANK PLC,ODA,"173,254.13","-173,254.13",0.01,7/3/2019,2022-07-02,USD,-173254.13
5.00172E+13,FBNQUEST MB EXPORT PROCEED ACC,ODA,631.6,-631.6,0.0,5/22/2019,2022-07-02,USD,-631.6
5.00172E+13,CORONATION MERCHANT BANK EXPOR,ODA,"4,237,635.48","-4,237,635.48",0.0,11/9/2018,2022-07-02,USD,-4237635.48
5.00172E+13,ZAMBIA INDUSTRIAL COMMERCIAL B,ODA,"4,339.63","-4,339.63",0.3,11/12/2019,2022-07-02,GBP,
5.00172E+13,FBNQUEST MECHANT BANK LIMITED,ODA,"527,455.07","-527,455.07",0.0,5/22/2018,2022-07-02,USD,-527455.07
5.00172E+13,NOVA MERCHANT BANK - GBP MAIN,ODA,748.3,-748.3,0.3,4/12/2018,2022-07-02,GBP,
5.00172E+13,NOVA MERCHANT BANK - EUR MAIN,ODA,"2,213.90","-2,213.90",0.3,4/12/2018,2022-07-02,EUR,
5.00172E+13,NOVA MERCHANT BANK - EXPORT PR,ODA,"1,193,653.42","-1,193,653.42",0.11,3/30/2018,2022-07-02,USD,-1193653.42
5.00172E+13,NOVA MERCHANT BANK - INT ACC,ODA,"4,480.46","-4,480.46",0.11,3/29/2018,2022-07-02,USD,-4480.46
LA500300013680,NOVA MERCHANT BANK,LAA,"-166,338.00","166,338.00",6.04,12/16/2021,2022-07-02,USD,166338
XAF50011216001,NOSTRO-UBA,OBA,-145002,145002,0.0,2/15/2019,2022-07-02,XAF,232.6882342
LA500300013688,FIRST CITY MONUMENT BANK PLC,LAA,"-30,000.00","30,000.00",5.05,12/17/2021,2022-07-02,USD,30000
USD50011614101,H/O EXPENSES RECOVERY ACCOUNT,OAB,"-19,613.00","19,613.00",0.0,7/1/2008,2022-07-02,USD,19613
USD50011620001,INTEREST REC'BLE - INTER BANK-,OAB,"-54,175.57","54,175.57",0.0,7/1/2008,2022-07-02,USD,54175.57
USD50011620004,INTEREST REC'BLE - INTER BANK-,OAB,"-76,500.00","76,500.00",0.0,7/1/2008,2022-07-02,USD,76500
USD50011730018,DEFERRED PAYMENT LIABILITY,OAB,"-171,000.00","171,000.00",0.0,4/15/2021,2022-07-02,USD,171000
5.00172E+13,NOVA MERCHANT BANK - USD DOM A,ODA,"4,498,406.97","-4,498,406.97",0.11,4/12/2018,2022-07-02,USD,-4498406.97
5.00172E+13,SUNTRUST BANK NIGERIA LIMITED,ODA,"3,258.83","-3,258.83",0.3,5/29/2020,2022-07-02,GBP,
5.00172E+13,MYBUCKS BANKING CORPORATION,ODA,"18,297.62","-18,297.62",0.01,11/15/2019,2022-07-02,USD,-18297.62
5.00172E+13,MYBUCKS BANKING CORPORATION,ODA,69.62,-69.62,0.3,11/15/2019,2022-07-02,GBP,
5.00122E+13,UNITED BANK  FOR AFRICA (UGAND,CAA,"10,000.00","-10,000.00",0.01,8/13/2013,2022-07-02,USD,-10000
5.00122E+13,3T WORLDWIDE QRI (NIGERIA) LIM,ODA,"26,994.32","-26,994.32",0.3,11/9/2009,2022-07-02,EUR,
5.00172E+13,NOVA MERCHANT BANK - USD MAIN,ODA,"1,323,941.88","-1,323,941.88",0.11,2/26/2018,2022-07-02,USD,-1323941.88
5.00122E+13,3T WORLDWIDE QRI (NIGERIA) LIM,ODA,"120,967.76","-120,967.76",0.3,11/9/2009,2022-07-02,GBP,
5.00122E+13,3T WORLDWIDE QRI (NIGERIA) LIM,ODA,"1,579.85","-1,579.85",0.01,11/6/2009,2022-07-02,USD,-1579.85
5.00122E+13,NIGERIAN AGIP OIL COMPANY LIMI,ODA,100.42,-100.42,0.01,10/23/2009,2022-07-02,USD,-100.42
5.00122E+13,CELETRANS NIGERIA LIMITED,ODA,"737,208.46","-737,208.46",0.01,7/1/2008,2022-07-02,USD,-737208.46
5.00122E+13,LOTUS BANK - CASH COLLATERAL A,ODA,"833,611.31","-833,611.31",0.01,11/10/2021,2022-07-02,USD,-833611.31
5.00122E+13,SKYE BANK (SL) LIMITED- CASH C,CAA,"1,457,871.00","-1,457,871.00",0.0,9/20/2021,2022-07-02,USD,-1457871
5.00122E+13,GREENWICH MERCHANT BANK LIMITE,ODA,"68,058.08","-68,058.08",0.3,5/5/2021,2022-07-02,EUR,
5.00122E+13,GREENWICH MERCHANT BANK LIMITE,ODA,"1,489,999.38","-1,489,999.38",0.01,5/5/2021,2022-07-02,USD,-1489999.38
5.00172E+13,MYBUCKS BANKING CORPORATION,ODA,"10,800.57","-10,800.57",0.3,11/15/2019,2022-07-02,EUR,
5.00122E+13,GLOBUS BANK LIMITED,CAA,"171,459.70","-171,459.70",0.0,6/2/2020,2022-07-02,USD,-171459.7
5.00122E+13,SUNTRUST BANK NIGERIA LIMITED,CAA,"23,699.93","-23,699.93",0.0,7/3/2019,2022-07-02,USD,-23699.93
5.00122E+13,CASH COLLATERAL A/C FOR CORONA,CAA,"14,485.24","-14,485.24",0.25,1/18/2019,2022-07-02,USD,-14485.24
5.00172E+13,CORONATION MERCHANT BANK,ODA,"148,067.82","-148,067.82",0.0,10/30/2017,2022-07-02,USD,-148067.82
5.00172E+13,NOVA MERCHANT BANK,ODA,"5,022,091.94","-5,022,091.94",0.3,3/9/2018,2022-07-02,EUR,
5.00172E+13,HERITAGE BANK PLC TRADING ACCO,ODA,"49,984.95","-49,984.95",0.3,1/7/2020,2022-07-02,GBP,
5.00172E+13,FIDELITY BANK PLC TRADING ACCO,ODA,"118,439.40","-118,439.40",0.01,10/11/2019,2022-07-02,USD,-118439.4
5.00172E+13,TAJBANK LIMITED EXPORT DOMICIL,ODA,"915,778.13","-915,778.13",0.01,12/10/2019,2022-07-02,USD,-915778.13
5.00172E+13,TAJBANK LIMITED PROFIT/CHARGE,ODA,"3,346.37","-3,346.37",0.01,12/10/2019,2022-07-02,USD,-3346.37
5.00172E+13,TITAN TRUST BANK LIMITED - TRA,ODA,"989,748.90","-989,748.90",0.01,12/9/2019,2022-07-02,USD,-989748.9
5.00172E+13,TITAN TRUST BANK LIMITED USD T,ODA,"1,603,225.69","-1,603,225.69",0.01,12/9/2019,2022-07-02,USD,-1603225.69
5.00172E+13,TAJBANK LIMITED,ODA,"888,119.63","-888,119.63",0.01,11/21/2019,2022-07-02,USD,-888119.63
5.00122E+13,TITAN BANK CSH CCOLL ACCOUNT,CAA,"88,246.61","-88,246.61",0.0,4/17/2020,2022-07-02,USD,-88246.61
5.00172E+13,TITAN TRUST BANK LIMITED EXPOR,ODA,"11,765,161.33","-11,765,161.33",0.01,6/1/2020,2022-07-02,USD,-11765161.33
5.00172E+13,SUNTRUST BANK NIGERIA LIMITED,ODA,"51,045.27","-51,045.27",0.3,6/5/2020,2022-07-02,EUR,
5.00172E+13,SUNTRUST BANK NIGERIA LIMITED,ODA,"60,962.59","-60,962.59",0.01,6/23/2020,2022-07-02,USD,-60962.59
5.00105E+13,UNITEDBANK FOR AFRICA - DEMOCR,ODA,"250,271.88","-250,271.88",0.01,2/13/2018,2022-07-02,USD,-250271.88
5.00105E+13,UNITED BANK FOR AFRICA MOZAMBI,ODA,"83,726.73","-83,726.73",0.01,1/16/2018,2022-07-02,USD,-83726.73
5.00105E+13,UBA SIERRA LEONE,ODA,685,-685,0.01,12/27/2017,2022-07-02,USD,-685
5.00105E+13,UBA GHANA,ODA,"875,890.56","-875,890.56",0.01,12/18/2017,2022-07-02,USD,-875890.56
5.00105E+13,UNITED BANK FOR AFRICA SENEGAL,ODA,"29,691.82","-29,691.82",0.01,12/8/2010,2022-07-02,USD,-29691.82
5.001E+13,3T OIL & GAS SERV. LLC-DDA A/C,ODA,"1,079.14","-1,079.14",0.3,7/1/2008,2022-07-02,EUR,
5.001E+13,OMNIBSIC BANK GHANA LIMITED,ODA,"58,814.22","-58,814.22",0.3,8/12/2021,2022-07-02,EUR,
5.00105E+13,UNITED BANK FOR AFRICA ZAMBIA,ODA,"84,890.48","-84,890.48",0.01,12/30/2009,2022-07-02,USD,-84890.48
5.00105E+13,UNITED BANK FOR AFRICA (UBA) L,ODA,"3,294.13","-3,294.13",0.01,12/9/2009,2022-07-02,USD,-3294.13
5.00105E+13,UNITED BANK FOR AFRICA CAMEROO,ODA,"1,678.28","-1,678.28",0.01,8/28/2009,2022-07-02,USD,-1678.28
5.00105E+13,UNITED BANK  FOR AFRICA (UGAND,ODA,"24,691.96","-24,691.96",0.01,10/15/2008,2022-07-02,USD,-24691.96
5.00105E+13,UNITED BANK FOR AFRICA SENEGAL,ODA,"51,659.24","-51,659.24",0.0,5/9/2019,2022-07-02,EUR,
5.00105E+13,UNITED BANK FOR AFRICA PLC,ODA,"-56,520,712.12","56,520,712.12",7.1,7/1/2008,2022-07-02,USD,56520712.12
5.001E+13,GEORGETOWN GLOBAL HEALTH LLC,ODA,"77,874.96","-77,874.96",0.01,9/25/2019,2022-07-02,USD,-77874.96
5.001E+13,OMNIBSIC BANK GHANA LIMITED,ODA,"99,529.86","-99,529.86",0.3,8/12/2021,2022-07-02,GBP,
5.001E+13,ACCESS BANK (SL) LIMITED,ODA,"57,568.41","-57,568.41",0.3,5/4/2021,2022-07-02,GBP,
5.001E+13,OMNIBSIC BANK GHANA LIMITED,ODA,"2,773,538.26","-2,773,538.26",0.01,8/12/2021,2022-07-02,USD,-2773538.26
5.001E+13,CREDIT BANK KENYA PLC,ODA,"179,188.05","-179,188.05",0.01,3/9/2021,2022-07-02,USD,-179188.05
5.001E+13,GLOBUS BANK LIMITED EXPORT PRO,ODA,"729,705.28","-729,705.28",0.01,2/3/2021,2022-07-02,USD,-729705.28
LA500300013578,SUNTRUST BANK NIGERIA LIMITED,LAA,"-41,985.00","41,985.00",5.9,10/8/2021,2022-07-02,USD,41985
LA500300013581,SUNTRUST BANK NIGERIA LIMITED,LAA,"-12,497.77","12,497.77",5.87,10/12/2021,2022-07-02,USD,12497.77
LA500300013582,SUNTRUST BANK NIGERIA LIMITED,LAA,"-55,894.05","55,894.05",5.87,10/12/2021,2022-07-02,USD,55894.05
5.001E+13,GREENWICH MERCHANT BANK LIMITE,ODA,4,-4,0.3,1/14/2021,2022-07-02,GBP,
5.001E+13,GREENWICH MERCHANT BANK LIMITE,ODA,"348,720.45","-348,720.45",0.01,1/13/2021,2022-07-02,USD,-348720.45
5.001E+13,ROYAL BLUE ENTERPRISE LIMTED,ODA,"98,989.25","-98,989.25",0.01,9/9/2019,2022-07-02,USD,-98989.25
5.001E+13,BANK OF INDUSTRY LIMITED,ODA,"4,033,197.61","-4,033,197.61",0.01,12/18/2020,2022-07-02,USD,-4033197.61
5.00105E+13,ACCESS MICROFINANCE BANK TANZA,ODA,"4,407.95","-4,407.95",0.01,10/29/2019,2022-07-02,USD,-4407.95
5.00122E+13,UNITED BANK FOR AFRICA -  CASH,CAA,"16,760,451.90","-16,760,451.90",0.06,7/1/2008,2022-07-02,USD,-16760451.9
5.001E+13,UNION BANCAIRE POUR LE COMMERC,ODA,"13,174,008.65","-13,174,008.65",0.01,1/21/2022,2022-07-02,USD,-13174008.65
5.001E+13,FIDELITY BANK GHANA LIMITED,ODA,"14,300,000.00","-14,300,000.00",0.0,2/9/2022,2022-07-02,USD,-14300000
5.001E+13,GREENWICH MERCHANT BANK LOAN S,ODA,"14,917.27","-14,917.27",0.01,12/15/2021,2022-07-02,USD,-14917.27
5.001E+13,ZEN GLOBAL DMCC,ODA,"9,990.47","-9,990.47",0.01,12/10/2021,2022-07-02,USD,-9990.47
5.001E+13,LOTUS BANK - PROFIT/CHARGES AC,ODA,"1,205.00","-1,205.00",0.01,11/10/2021,2022-07-02,USD,-1205
5.001E+13,LOTUS BANK - NON OIL EXPORT DO,ODA,"397,800.73","-397,800.73",0.01,11/10/2021,2022-07-02,USD,-397800.73
5.001E+13,ACCESS BANK NIGERIA PLC,ODA,"417,882.73","-417,882.73",0.3,3/21/2022,2022-07-02,EUR,
LA500300013686,FIRST CITY MONUMENT BANK PLC,LAA,"-149,020.00","149,020.00",5.05,12/17/2021,2022-07-02,USD,149020
5.001E+13,LOTUS BANK - FOREIGN OPERATING,ODA,"254,616.86","-254,616.86",0.01,11/10/2021,2022-07-02,USD,-254616.86
5.001E+13,ORABANK NIGER,ODA,"11,101.14","-11,101.14",0.01,10/25/2021,2022-07-02,USD,-11101.14
5.001E+13,ACCESS BANK GUINEE SA,ODA,"852,765.04","-852,765.04",0.01,10/25/2021,2022-07-02,USD,-852765.04
5.00105E+13,ACCESS MICROFINANCE BANK TANZA,ODA,"2,620.00","-2,620.00",0.3,10/30/2019,2022-07-02,EUR,
5.001E+13,ACCESS BANK GUINEE SA,ODA,"6,043.41","-6,043.41",0.3,10/25/2021,2022-07-02,EUR,
5.001E+13,LOTUS BANK,ODA,"10,790.41","-10,790.41",0.3,9/24/2021,2022-07-02,GBP,
5.001E+13,LOTUS BANK,ODA,313,-313,0.3,9/24/2021,2022-07-02,EUR,
5.001E+13,LOTUS BANK,ODA,"2,101,817.68","-2,101,817.68",0.01,9/24/2021,2022-07-02,USD,-2101817.68
5.001E+13,TECHNOWELL GLOBAL CONCEPT LIMI,ODA,190,-190,0.01,9/17/2021,2022-07-02,USD,-190
5.001E+13,3T OIL AND GAS SERVICES LLC,ODA,"2,308.00","-2,308.00",0.01,7/1/2008,2022-07-02,USD,-2308
5.001E+13,COMMERCE AND MORTGAGE BANK (SL,ODA,"1,350.35","-1,350.35",0.3,8/12/2021,2022-07-02,GBP,
5.001E+13,COMMERCE AND MORTGAGE BANK (SL,ODA,"10,058.19","-10,058.19",0.3,8/12/2021,2022-07-02,EUR,
5.001E+13,CONTINENTAL ENGINEERING (NIGER,ODA,"10,000.00","-10,000.00",0.01,3/31/2022,2022-07-02,USD,-10000
5.00105E+13,UBA KENYA BANK LIMITED,ODA,"146,508.08","-146,508.08",0.01,4/29/2010,2022-07-02,USD,-146508.08
5.001E+13,3T OIL & GAS SERV. LLC-DDA GBP,ODA,"3,081.24","-3,081.24",0.3,7/1/2008,2022-07-02,GBP,
5.00105E+13,UBA TANZANIA,ODA,"32,804.00","-32,804.00",0.01,11/22/2017,2022-07-02,USD,-32804
5.001E+13,ORABANK SENEGAL,ODA,"25,616.63","-25,616.63",0.01,10/21/2021,2022-07-02,USD,-25616.63
USD50011810002,175 ACC DEP LSEHLD,OAB,"994,605.64","-994,605.64",0.0,7/1/2008,2022-07-02,USD,-994605.64
5.001E+13,SOLIDAIRE BANK,ODA,"10,000.00","-10,000.00",0.3,12/9/2020,2022-07-02,EUR,
5.001E+13,SOLIDAIRE BANK,ODA,"306,623.53","-306,623.53",0.01,12/9/2020,2022-07-02,USD,-306623.53
5.001E+13,COMPAGNIE GENERALE DE BANQUE P,ODA,"1,207.77","-1,207.77",0.3,5/3/2021,2022-07-02,GBP,
5.001E+13,COMPAGNIE GENERALE DE BANQUE P,ODA,"26,906.50","-26,906.50",0.01,5/3/2021,2022-07-02,USD,-26906.5
5.001E+13,COMMERCE AND MORTGAGE BANK (SL,ODA,"24,173.86","-24,173.86",0.01,5/3/2021,2022-07-02,USD,-24173.86
5.001E+13,ZAMBIA INDUSTRIAL WIRE CLEARIN,ODA,"713,177.88","-713,177.88",0.01,3/24/2021,2022-07-02,USD,-713177.88
5.001E+13,FBNQUEST MERCHANT BANK LIMITED,ODA,"508,011.43","-508,011.43",0.01,3/17/2021,2022-07-02,USD,-508011.43
5.001E+13,MYBUCKS BANKING CORPORATION- U,ODA,"11,416.54","-11,416.54",0.01,3/10/2021,2022-07-02,USD,-11416.54
LA500300013577,SUNTRUST BANK NIGERIA LIMITED,LAA,"-57,150.00","57,150.00",5.9,10/8/2021,2022-07-02,USD,57150
5.00122E+13,STERLING BANK PLC,CAA,"212,047.24","-212,047.24",0.01,11/17/2008,2022-07-02,USD,-212047.24
5.00122E+13,FBNQUEST MERCHANT BANK LIMITED,CAA,"70,853.77","-70,853.77",0.1,10/26/2018,2022-07-02,USD,-70853.77
5.00122E+13,POLARIS - CASH COLL,CAA,"59,371.13","-59,371.13",0.01,2/8/2018,2022-07-02,USD,-59371.13
5.00122E+13,NOVA MERCHANT BANK - CASH COLL,CAA,"285,894.47","-285,894.47",0.1,3/29/2018,2022-07-02,USD,-285894.47
5.001E+13,ACCESS BANK (SL) LIMITED,ODA,"305,642.77","-305,642.77",0.01,5/4/2021,2022-07-02,USD,-305642.77
5.003E+13,ESCROW A/C - GBARAN UBIE PHASE,CAA,"2,169,968.84","-2,169,968.84",0.01,6/12/2014,2022-07-02,USD,-2169968.84
5.00172E+13,UNITED BANK FOR AFRICA PLC- EX,ODA,"446,298,280.16","-446,298,280.16",0.0,1/29/2019,2022-07-02,USD,-446298280.2
5.00172E+13,UNITED BANK FOR AFRICA PLC - F,ODA,"6,603,576.90","-6,603,576.90",0.01,7/1/2008,2022-07-02,USD,-6603576.9
5.00172E+13,WEMA BANK PLC. WIRE CLEARING,ODA,"1,120,702.68","-1,120,702.68",0.01,3/26/2021,2022-07-02,USD,-1120702.68
5.00172E+13,FBNQUEST LOANS SETTLEMENT ACCO,ODA,"39,186.71","-39,186.71",0.0,11/23/2020,2022-07-02,USD,-39186.71
5.00172E+13,WEMA BANK PLC. EUR ACCOUNT,ODA,"3,031.97","-3,031.97",0.3,7/29/2020,2022-07-02,EUR,
5.00172E+13,SUNTRUST BANK NIGERIA LIMITED,ODA,13,-13,0.3,7/8/2020,2022-07-02,GBP,
5.00172E+13,TAJBANK LIMITED OPERATING ACCO,ODA,"59,424.69","-59,424.69",0.3,6/26/2020,2022-07-02,EUR,
LA500300013466,HERITAGE BANK PLC INTEREST AND,LAA,"-343,983.75","343,983.75",6.36,9/3/2021,2022-07-02,USD,343983.75
5.00172E+13,TAJBANK LIMITED OPERATING ACCO,ODA,"15,435.47","-15,435.47",0.3,6/26/2020,2022-07-02,GBP,
5.00172E+13,TAJBANK LIMITED FX TRADING,ODA,"16,905.65","-16,905.65",0.01,6/26/2020,2022-07-02,USD,-16905.65
5.00172E+13,TAJBANK LIMITED FX TRADING,ODA,"41,661.98","-41,661.98",0.3,6/26/2020,2022-07-02,GBP,
5.00172E+13,CBN USD CURRENT ACCOUNT,ODA,"329,188,007.58","-329,188,007.58",0.0,6/13/2018,2022-07-02,USD,-329188007.6
LA500300013648,GREENWICH MERCHANT BANK LIMITE,LAA,"-7,525.77","7,525.77",5.81,11/24/2021,2022-07-02,GBP,
5.001E+13,ACCESS BANK (SL) LIMITED,ODA,"469,425.88","-469,425.88",0.3,5/4/2021,2022-07-02,EUR,
5.001E+13,UNION BANK LOAN SETTLEMENT ACC,ODA,"36,724.06","-36,724.06",0.01,5/21/2021,2022-07-02,USD,-36724.06
5.001E+13,GLOBUS BANK LOAN SETTLEMENT AC,ODA,"91,424.33","-91,424.33",0.0,11/4/2020,2022-07-02,USD,-91424.33
5.001E+13,SIDIAN BANK LIMITED,ODA,974.1,-974.1,0.01,6/11/2020,2022-07-02,USD,-974.1
LA500300013649,STERLING BANK PLC,LAA,"-1,777,000.00","1,777,000.00",6.25,11/26/2021,2022-07-02,USD,1777000
LA500300013657,GLOBUS BANK LIMITED WIRE CLEAR,LAA,"-135,720.00","135,720.00",5.95,12/10/2021,2022-07-02,USD,135720
5.001E+13,MKOMBOZI COMMERCIAL BANK LIMIT,ODA,"8,601.00","-8,601.00",0.3,3/12/2020,2022-07-02,GBP,
5.001E+13,MKOMBOZI COMMERCIAL BANK LIMIT,ODA,"26,389.39","-26,389.39",0.3,3/12/2020,2022-07-02,EUR,
5.001E+13,MKOMBOZI COMMERCIAL BANK LIMIT,ODA,"1,140,591.15","-1,140,591.15",0.01,3/12/2020,2022-07-02,USD,-1140591.15
LA500300013674,SUNTRUST BANK NIGERIA LIMITED,LAA,"-71,355.00","71,355.00",6.04,12/15/2021,2022-07-02,USD,71355
LA500300013675,FBNQUEST MERCHANT BANK LIMITED,LAA,"-497,528.00","497,528.00",5.96,12/16/2021,2022-07-02,USD,497528
LA500300013679,NOVA MERCHANT BANK,LAA,"-133,500.00","133,500.00",6.04,12/16/2021,2022-07-02,USD,133500
5.001E+13,UNITED BANK FOR AFRICA (UBA) L,ODA,18.84,-18.84,0.01,3/4/2021,2022-07-02,USD,-18.84
5.00122E+13,WEMA BANK PLC. CASH COLL,CAA,"71,737.48","-71,737.48",0.01,9/21/2016,2022-07-02,USD,-71737.48
5.001E+13,CREDIT BANK KENYA PLC,ODA,"19,947.00","-19,947.00",0.3,3/9/2021,2022-07-02,EUR,
5.001E+13,CREDIT BANK KENYA PLC,ODA,"15,236.00","-15,236.00",0.3,3/9/2021,2022-07-02,GBP,
5.001E+13,AMANA BANK TANZANIA,ODA,"600,000.00","-600,000.00",0.3,7/19/2021,2022-07-02,EUR,
5.001E+13,AMANA BANK TANZANIA,ODA,"173,076.29","-173,076.29",0.01,7/19/2021,2022-07-02,USD,-173076.29
5.001E+13,CONSOLIDATED BANK GHANA LIMITE,ODA,"710,389.48","-710,389.48",0.01,7/8/2021,2022-07-02,USD,-710389.48
5.001E+13,DCB COMMERCIAL BANK,ODA,"37,728.83","-37,728.83",0.01,7/1/2021,2022-07-02,USD,-37728.83
5.001E+13,CONSOLIDATED BANK GHANA LIMITE,ODA,"100,000.00","-100,000.00",0.3,6/22/2021,2022-07-02,GBP,
5.001E+13,CONSOLIDATED BANK GHANA LIMITE,ODA,"4,490,216.33","-4,490,216.33",0.05,6/22/2021,2022-07-02,USD,-4490216.33
5.001E+13,SKYE BANK (SL) LIMITED MASTERC,ODA,"79,292.91","-79,292.91",0.01,6/8/2021,2022-07-02,USD,-79292.91
5.001E+13,SKYE BANK (SL) LIMITED,ODA,"7,807.63","-7,807.63",0.3,6/1/2021,2022-07-02,EUR,
LA500300013550,SUNTRUST BANK NIGERIA LIMITED,LAA,"-36,180.00","36,180.00",5.9,9/30/2021,2022-07-02,USD,36180
5.001E+13,SKYE BANK (SL) LIMITED,ODA,"4,459,490.83","-4,459,490.83",0.01,6/1/2021,2022-07-02,USD,-4459490.83
5.001E+13,ORABANK MALI,ODA,"91,883.91","-91,883.91",0.01,8/5/2021,2022-07-02,USD,-91883.91
USD50011830001,20 EQUIPMENT BNK,OAB,"-44,767.16","44,767.16",0.0,7/1/2008,2022-07-02,USD,44767.16
5.001E+13,GLOBUS BANK LIMITED,ODA,"414,710.30","-414,710.30",0.01,1/29/2020,2022-07-02,USD,-414710.3
USD50011830004,30 COMPUTER HARDW,OAB,"-252,907.61","252,907.61",0.0,7/1/2008,2022-07-02,USD,252907.61
LA500300013776,STERLING BANK PLC,LAA,"-34,639.18","34,639.18",4.94,1/25/2022,2022-07-02,USD,34639.18
LA500300013782,STERLING BANK PLC,LAA,"-75,652.46","75,652.46",4.96,1/28/2022,2022-07-02,USD,75652.46
LA500300013786,HERITAGE BANK PLC INTEREST AND,LAA,"-806,255.99","806,255.99",5.75,1/31/2022,2022-07-02,EUR,
LA500300013787,STERLING BANK PLC,LAA,"-990,138.85","990,138.85",6.26,1/31/2022,2022-07-02,USD,990138.85
LA500300013794,WEMA BANK PLC.,LAA,"-134,941.76","134,941.76",6.27,2/3/2022,2022-07-02,USD,134941.76
LA500300013874,SUNTRUST BANK NIGERIA LIMITED,LAA,"-10,780.00","10,780.00",6.14,2/14/2022,2022-07-02,USD,10780
LA500300013903,SUNTRUST BANK NIGERIA LIMITED,LAA,"-10,500.00","10,500.00",6.55,2/28/2022,2022-07-02,USD,10500
XOF50011911101,FT POSITION ACCOUNTS,OAB,"1,817,442,498.00","-1,817,442,498.00",0.0,2/15/2019,2022-07-02,XOF,-2874744.939
PAL50015101001,I/I-O/D UBA H.O.,OAB,"1,888,302.55","-1,888,302.55",0.0,7/1/2008,2022-07-02,USD,-1888302.55
PAL50015310012,LC DISCREPANCY COMHO,OAB,"5,325.00","-5,325.00",0.0,7/1/2008,2022-07-02,USD,-5325
PAL50015101002,I/I-O/D UBA H.O.,OAB,0.01,-0.01,0.0,7/2/2008,2022-07-02,GBP,-0.012195122
LA500300013775,STERLING BANK PLC,LAA,"-1,752.08","1,752.08",4.94,1/24/2022,2022-07-02,USD,1752.08
PAL50015110001,II FRB,OAB,"624,760.30","-624,760.30",0.0,7/1/2008,2022-07-02,USD,-624760.3
PAL50015110042,INTEREST INCOME- TERM PLACEMEN,OAB,"459,375.00","-459,375.00",0.0,7/1/2008,2022-07-02,USD,-459375
PAL50015110062,II CD PURCHASED (CED),OAB,"94,638.89","-94,638.89",0.0,7/1/2008,2022-07-02,USD,-94638.89
PAL50015142001,INTEREST INCOME SYN AND PARTIC,OAB,"1,188,636.78","-1,188,636.78",0.0,8/27/2020,2022-07-02,USD,-1188636.78
PAL50015310001,COMMISSION ON BANKERS ACCEPTAN,OAB,"100,469.32","-100,469.32",0.0,7/1/2008,2022-07-02,USD,-100469.32
PAL50015310002,CONFIRMATION FEE ITF HEAD OFFI,OAB,"62,070.19","-62,070.19",0.0,7/1/2008,2022-07-02,USD,-62070.19
PAL50015310003,LC ADVISING COMMISSION HEAD OF,OAB,"28,150.00","-28,150.00",0.0,7/1/2008,2022-07-02,USD,-28150
PAL50015310007,LC AMENDMENT COMM HO,OAB,"15,360.00","-15,360.00",0.0,7/1/2008,2022-07-02,USD,-15360
PAL50015310010,LC CONFIRM COMM H/O,OAB,"106,296.37","-106,296.37",0.0,7/1/2008,2022-07-02,USD,-106296.37
PAL50016200009,EMPLOYEE SEVERANCE PAY ACCRUED,OAB,"-200,156.30","200,156.30",0.0,7/1/2008,2022-07-02,USD,200156.3
PAL50016200010,FOOD STAFF EXPENSES,OAB,"-17,089.29","17,089.29",0.0,7/1/2008,2022-07-02,USD,17089.29
PAL50016200011,OTHER STAFF EXPENSES - LOCAL,OAB,"-7,880.26","7,880.26",0.0,7/1/2008,2022-07-02,USD,7880.26
PAL50015110015,I/I LOANS TO BKS IN FGN COUNTR,OAB,"54,175.57","-54,175.57",0.0,7/1/2008,2022-07-02,USD,-54175.57
PAL50016700010,40-DEPRECIATION AS/400 COMPUTE,OAB,"-1,396.13","1,396.13",0.0,7/1/2008,2022-07-02,USD,1396.13
LA500300013731,GLOBUS BANK LIMITED WIRE CLEAR,LAA,"-6,240.00","6,240.00",5.98,1/11/2022,2022-07-02,USD,6240
LA500300014078,WEMA BANK PLC.,LAA,"-166,377.75","166,377.75",6.6,5/13/2022,2022-07-02,USD,166377.75
PAL50015320007,LC AMENDMENT COMM NB,OAB,"17,870.00","-17,870.00",0.0,7/1/2008,2022-07-02,USD,-17870
PAL50015320009,LC CONFIRM COMM NNY,OAB,"275,165.40","-275,165.40",0.0,7/1/2008,2022-07-02,USD,-275165.4
PAL50015320011,LC DISCREPANCY NIGBK,OAB,"10,800.00","-10,800.00",0.0,7/1/2008,2022-07-02,USD,-10800
PAL50015320013,LC NEOGTIAITON COMNB,OAB,"146,380.20","-146,380.20",0.0,7/1/2008,2022-07-02,USD,-146380.2
PAL50015320015,LC POSTAGE & TLX NB,OAB,"64,485.00","-64,485.00",0.0,7/1/2008,2022-07-02,USD,-64485
PAL50015320017,LC WIRE TRF FEE NIG BK - USD,OAB,"8,950.00","-8,950.00",0.0,7/1/2008,2022-07-02,USD,-8950
PAL50015320018,LC ADVISING COMMISSION NIGERIA,OAB,"28,020.00","-28,020.00",0.0,7/1/2008,2022-07-02,USD,-28020
PAL50015320019,REIMB FEE OTHERS,OAB,300,-300,0.0,7/1/2008,2022-07-02,USD,-300
PAL50015320022,WIRE FEES UBA CUST (IN/OUT),OAB,389.51,-389.51,0.0,7/1/2008,2022-07-02,USD,-389.51
PAL50015320047,OTHER FEES EUR,OAB,"3,406.84","-3,406.84",0.0,9/14/2017,2022-07-02,EUR,"-3,586.15"
PAL50015320048,OTHER FEES GBP,OAB,"36,007.16","-36,007.16",0.0,9/14/2017,2022-07-02,GBP,-43911.17073
LA500300013694,GLOBUS BANK LIMITED WIRE CLEAR,LAA,"-73,547.50","73,547.50",5.95,1/4/2022,2022-07-02,USD,73547.5
PAL50015340001,UPFRONT FACILITY FEE,OAB,"70,139.54","-70,139.54",0.0,8/28/2020,2022-07-02,USD,-70139.54
PAL50015700004,WIRE TRANSFER FEES,OAB,"320,701.41","-320,701.41",0.0,6/20/2011,2022-07-02,USD,-320701.41
PAL50015800001,REALIZED GAIN/LOSS FX,OAB,"87,987.25","-87,987.25",0.0,7/1/2008,2022-07-02,USD,-87987.25
PAL50015800010,REALIZED GAIN/LOSS ON FX TRANS,OAB,"-16,165.63","16,165.63",0.0,7/1/2008,2022-07-02,USD,16165.63
PAL50016110012,I E - O/N BORROWING HO & SUBSD,OAB,"4,007,115.00","-4,007,115.00",0.0,7/1/2008,2022-07-02,USD,-4007115
PAL50016131505,I/E O/N SWEEPS - NY,OAB,"-16,575.50","16,575.50",0.0,7/1/2008,2022-07-02,USD,16575.5
PAL50016200001,401 K EMPLOYER CONTRIBUTION,OAB,"-46,679.75","46,679.75",0.0,7/1/2008,2022-07-02,USD,46679.75
PAL50016200002,BASIC SALARY LOCAL STAFF,OAB,"-3,836,861.03","3,836,861.03",0.0,7/1/2008,2022-07-02,USD,3836861.03
PAL50016200004,BONUS ACCRUED,OAB,"-225,000.00","225,000.00",0.0,7/1/2008,2022-07-02,USD,225000
PAL50016200006,CONSULTANT SERVICES,OAB,"-17,745.00","17,745.00",0.0,7/1/2008,2022-07-02,USD,17745
PAL50015310016,LC WIRE TRANSFER FEE HEAD OFFI,OAB,"7,825.00","-7,825.00",0.0,7/1/2008,2022-07-02,USD,-7825
PAL50015310013,LC NEGOTIATION COMHO,OAB,"72,616.83","-72,616.83",0.0,7/1/2008,2022-07-02,USD,-72616.83
PAL50015700001,GAIN/LOSS FIX ASSETS,OAB,35,-35,0.0,7/1/2008,2022-07-02,USD,-35
PAL50015320004,CONFIRMATION FEE CLEAN LINE NI,OAB,"298,827.89","-298,827.89",0.0,7/1/2008,2022-07-02,USD,-298827.89
PAL50016700029,100A-DEPREC ACTIMIZE,OAB,"-174,638.97","174,638.97",0.0,10/8/2020,2022-07-02,USD,174638.97
PAL50016800004,DISASTR RECOVRY SITE,OAB,"-288,641.90","288,641.90",0.0,7/1/2008,2022-07-02,USD,288641.9
PAL50016200015,REFERENCE/CREDIT CHECK,OAB,-147.74,147.74,0.0,7/1/2008,2022-07-02,USD,147.74
PAL50016200016,STAFF EDUCATION TRAINING,OAB,"-109,524.00","109,524.00",0.0,7/1/2008,2022-07-02,USD,109524
PAL50016200018,STAFF MEDICAL INS NY,OAB,"-599,170.24","599,170.24",0.0,7/1/2008,2022-07-02,USD,599170.24
PAL50016200019,TEMPORARY HELP - EMP AGENCY,OAB,"-38,872.10","38,872.10",0.0,7/1/2008,2022-07-02,USD,38872.1
PAL50016200024,WORKERS'COMPENSATION,OAB,-259.76,259.76,0.0,7/1/2008,2022-07-02,USD,259.76
PAL50016200026,EMPLOYMENT AGENCY FEES,OAB,"-50,565.50","50,565.50",0.0,7/1/2008,2022-07-02,USD,50565.5
PAL50016200027,METROPOLITAN COMMUTER TAX (MCT,OAB,"-8,711.46","8,711.46",0.0,10/14/2009,2022-07-02,USD,8711.46
PAL50016200084,JOB ADVERTISING COST,OAB,"-11,759.25","11,759.25",0.0,7/1/2008,2022-07-02,USD,11759.25
PAL50016300001,INSURANCE (NON-EMPLOYEE),OAB,"-73,558.60","73,558.60",0.0,7/1/2008,2022-07-02,USD,73558.6
PAL50016300005,RENT EXPENSE,OAB,"-626,445.60","626,445.60",0.0,7/1/2008,2022-07-02,USD,626445.6
PAL50016300006,175-AMORTZLSEHOLD IMPROV 1 ROC,OAB,"-11,315.03","11,315.03",0.0,7/1/2008,2022-07-02,USD,11315.03
PAL50016200014,PAYROLL TAXES,OAB,"-218,608.65","218,608.65",0.0,7/1/2008,2022-07-02,USD,218608.65
PAL50016310003,TRAVEL EXPENSE WITHIN THE USA,OAB,"-104,730.24","104,730.24",0.0,7/1/2008,2022-07-02,USD,104730.24
PAL50016410001,COMMUNICATION,OAB,"-118,608.53","118,608.53",0.0,7/1/2008,2022-07-02,USD,118608.53
PAL50016410007,SWIFT COMMUNICATIONS EXPENSE,OAB,"-42,328.69","42,328.69",0.0,7/1/2008,2022-07-02,USD,42328.69
PAL50016410008,T1 COMMUNICATIONS INTERNET SER,OAB,"-17,088.98","17,088.98",0.0,7/1/2008,2022-07-02,USD,17088.98
PAL50016410009,TELEPHONE EXPENSES,OAB,"-25,850.86","25,850.86",0.0,7/1/2008,2022-07-02,USD,25850.86
PAL50016410010,COURIER CHARGES,OAB,"-21,937.56","21,937.56",0.0,7/1/2008,2022-07-02,USD,21937.56
PAL50016700001,100-DEPREC PC S/W & LAN SOFTWA,OAB,"-14,338.13","14,338.13",0.0,7/1/2008,2022-07-02,USD,14338.13
PAL50016700002,10-DEPRECIATION FURNITURE BANK,OAB,"-50,760.93","50,760.93",0.0,7/1/2008,2022-07-02,USD,50760.93
PAL50016700004,130-DEPREC PERSONAL COMPUTERS,OAB,"-11,331.59","11,331.59",0.0,7/1/2008,2022-07-02,USD,11331.59
PAL50016700005,140-DEPREC TELEPHONE SYSTEMS,OAB,"-32,892.09","32,892.09",0.0,7/1/2008,2022-07-02,USD,32892.09
5.001E+13,FBNQUEST MERCHANT BANK LIMITED,ODA,"20,631.18","-20,631.18",0.0,2/14/2019,2022-07-02,USD,-20631.18
USD50011830002,150 ALARM SYSTEMS,OAB,"-35,812.89","35,812.89",0.0,7/1/2008,2022-07-02,USD,35812.89
PAL50016310004,TRAVEL EXPENSE OVERSEAS,OAB,"-8,260.08","8,260.08",0.0,7/1/2008,2022-07-02,USD,8260.08
PAL50016800001,"WATER, ELECTRICITY, GAS ETC. B",OAB,"-18,254.18","18,254.18",0.0,7/1/2008,2022-07-02,USD,18254.18
PAL50016200013,PAYROLL CHARGES,OAB,"-38,363.80","38,363.80",0.0,7/1/2008,2022-07-02,USD,38363.8
PAL50016700009,30-DEPRECIATION COMPUTER HARDW,OAB,"-24,753.71","24,753.71",0.0,7/1/2008,2022-07-02,USD,24753.71
PAL50016800007,LEASED SOFTWARE CHARGES,OAB,"-14,792.20","14,792.20",0.0,7/1/2008,2022-07-02,USD,14792.2
PAL50016800008,MEMBERSHIPS DUES,OAB,"-11,147.06","11,147.06",0.0,7/1/2008,2022-07-02,USD,11147.06
PAL50016800010,OTHER OPERATING EXPENSES,OAB,"-33,319.61","33,319.61",0.0,7/1/2008,2022-07-02,USD,33319.61
PAL50016800012,"STATIONERY, SUPPLIES AND PRINT",OAB,"-11,331.27","11,331.27",0.0,7/1/2008,2022-07-02,USD,11331.27
PAL50016800013,STORAGE SPACE RENTAL EXPENSE,OAB,"-27,339.44","27,339.44",0.0,7/1/2008,2022-07-02,USD,27339.44
PAL50016800020,COMPUTER SUPPLIES EXPENSES,OAB,"-7,283.92","7,283.92",0.0,7/1/2008,2022-07-02,USD,7283.92
PAL50016800024,BUSINESS DEVELOPMENT EXPENSES,OAB,"-255,000.00","255,000.00",0.0,1/4/2022,2022-07-02,USD,255000
PAL50016800086,OPER.EXP-BKG PREMISE,OAB,"-1,396.13","1,396.13",0.0,7/1/2008,2022-07-02,USD,1396.13
PAL50016810002,MAINT.VOICE RECORDING SYSTEM,OAB,-538.15,538.15,0.0,7/1/2008,2022-07-02,USD,538.15
PAL50016810007,MAINTENANCE CONTRACT-IBM OS/40,OAB,"-102,420.85","102,420.85",0.0,7/1/2008,2022-07-02,USD,102420.85
PAL50016810009,"PREMISES REPAIR+MAIN,CLEANING",OAB,"-51,112.35","51,112.35",0.0,7/1/2008,2022-07-02,USD,51112.35
PAL50016700008,20-DEPRECIATION BANK EQUIPMENT,OAB,"-1,359.30","1,359.30",0.0,7/1/2008,2022-07-02,USD,1359.3
PAL50016810013,ANNUAL SUBSC.NETWORK SOFTWARE,OAB,"-119,574.35","119,574.35",0.0,7/1/2008,2022-07-02,USD,119574.35
PAL50016950003,BUSINESS PROMOTIONS EXPENSE,OAB,"-5,907.34","5,907.34",0.0,7/1/2008,2022-07-02,USD,5907.34
PAL50016960003,COMPLIANCE SERVICES,OAB,"-375,745.15","375,745.15",0.0,7/1/2008,2022-07-02,USD,375745.15
PAL50016960005,CUSTODIAN FEES,OAB,"-45,602.27","45,602.27",0.0,7/1/2008,2022-07-02,USD,45602.27
PAL50016960007,LEGAL FEES - GENERAL,OAB,"-139,688.60","139,688.60",0.0,7/1/2008,2022-07-02,USD,139688.6
PAL50016960008,O.C.C. ASSESMENT FEES,OAB,"-49,708.40","49,708.40",0.0,7/1/2008,2022-07-02,USD,49708.4
PAL50016960011,OTHER PROFESSIONAL FEES EXP,OAB,"-53,389.65","53,389.65",0.0,7/1/2008,2022-07-02,USD,53389.65
PAL50016960014,SERVICES CHARGES FEDERAL RESER,OAB,"-14,724.00","14,724.00",0.0,7/1/2008,2022-07-02,USD,14724
PAL50016960018,AUDIT FEES ACCRUED,OAB,"-216,055.16","216,055.16",0.0,7/1/2008,2022-07-02,USD,216055.16
PAL50016960094,SERVICE CHARGES - BANKS,OAB,"-6,286.78","6,286.78",0.0,7/1/2008,2022-07-02,USD,6286.78
PAL50016200012,OVERTIME EXPENSES,OAB,"-5,527.68","5,527.68",0.0,7/1/2008,2022-07-02,USD,5527.68
PAL50016700027,89-DEPRECIATION CLOUD SERVER,OAB,"-158,376.19","158,376.19",0.0,7/14/2017,2022-07-02,USD,158376.19
PAL50016900206,COMMERCIAL REAL ESTATE TAX,OAB,"-16,733.38","16,733.38",0.0,7/1/2008,2022-07-02,USD,16733.38
PAL50015310047,LC AMENDMENT COMM. HO - EUR,OAB,207.76,-207.76,0.0,3/28/2018,2022-07-02,EUR,-218.69
PAL50015310014,LC POSTAGE & TLX H/O,OAB,"47,080.00","-47,080.00",0.0,7/1/2008,2022-07-02,USD,-47080
PAL50016960095,SERVICE CHARGES - BANKS,OAB,"-28,446.27","28,446.27",0.0,12/9/2021,2022-07-02,EUR,"29,943.44"
PAL50036110011,IE DEPOSITS+DDAS 3RD PTY,OAB,"-153,007.73","153,007.73",0.0,7/1/2008,2022-07-02,USD,153007.73
PAL50015310018,SLA FEE INCOME ON NY FROM GCI,OAB,"1,749,166.73","-1,749,166.73",0.0,7/1/2008,2022-07-02,USD,-1749166.73
PAL50036110013,IE TERM DEPOSITS CBN,OAB,"-419,438.71","419,438.71",0.0,7/23/2008,2022-07-02,USD,419438.71
PAL50036131505,IE O/N SWEEPS - NY,OAB,-84.79,84.79,0.0,7/1/2008,2022-07-02,USD,84.79
PAL50036132003,INTEREST EXPENSE - BONDS,OAB,"407,701.14","-407,701.14",0.0,2/16/2021,2022-07-02,USD,-407701.14
PAL50036600001,PROV FOR LOAN LOSSES,OAB,"-65,000.00","65,000.00",0.0,7/1/2008,2022-07-02,USD,65000
PAL50036960003,CIMA LICENSE+ADMIN FEES CIBC,OAB,"-55,880.10","55,880.10",0.0,7/1/2008,2022-07-02,USD,55880.1
PAL50036960004,SLA FEE EXPENSE ON GCI FROM NY,OAB,"-1,746,478.56","1,746,478.56",0.0,7/1/2008,2022-07-02,USD,1746478.56
USD50011210002,DUE FROM FRB - CLEARING NOSTRO,OAB,"-353,622,103.65","353,622,103.65",0.0,7/1/2008,2022-07-02,USD,353622103.7
USD50011210003,DUE FROM FRB - CCOLL NON INT,OAB,"-360,000.00","360,000.00",0.0,6/1/2021,2022-07-02,USD,360000
USD50011213001,STANDARD CHARTERED BANK - NYB,OAB,"1,917,350.36","-1,917,350.36",0.0,5/21/2009,2022-07-02,USD,-1917350.36
PAL50035142001,GBP - II LOANS BANKS IN FGN CO,OAB,"1,407.21","-1,407.21",0.0,12/21/2020,2022-07-02,GBP,-1716.109756
USD50011265001,CERTICATE OF DEPOSITS - CED,OAB,"-30,000,000.00","30,000,000.00",0.0,5/13/2011,2022-07-02,USD,30000000
USD50011492503,CUST DISC LIAB UBA/HO,OAB,"-3,999,944.42","3,999,944.42",0.0,4/12/2022,2022-07-02,USD,3999944.42
USD50011601003,AIR LOANS - SOVEREIGN NON-US,OAB,"-334,314.48","334,314.48",0.0,3/26/2020,2022-07-02,USD,334314.48
USD50011614001,A/C RECVBL LC USD,OAB,"-25,815.55","25,815.55",0.0,7/1/2008,2022-07-02,USD,25815.55
USD50011614002,SUSP UNAP OTH  FIX-ASSET,OAB,"-58,824.57","58,824.57",0.0,8/12/2008,2022-07-02,USD,58824.57
USD50011614003,PREPAID EXPENSES NY,OAB,"-236,451.79","236,451.79",0.0,9/30/2008,2022-07-02,USD,236451.79
USD50011840064,130-ACC/DEP P.C. NY,OAB,"38,642.60","-38,642.60",0.0,7/1/2008,2022-07-02,USD,-38642.6
USD50011840067,150-ACC/DEP ALARM,OAB,"35,812.89","-35,812.89",0.0,7/1/2008,2022-07-02,USD,-35812.89
PAL50035101001,II LOAN TRADE FINANCE HO,OAB,"1,975,882.14","-1,975,882.14",0.0,7/1/2008,2022-07-02,USD,-1975882.14
USD50012519002,AIR OD,OAB,"-21,683.16","21,683.16",0.0,7/1/2008,2022-07-02,USD,21683.16
USD50012800501,HO ADDITIONAL CAPITAL,OAB,"23,575,077.88","-23,575,077.88",0.0,7/1/2008,2022-07-02,USD,-23575077.88
USD50012800502,CAP EQUIV DEP FUND HO,OAB,"9,100,000.00","-9,100,000.00",0.0,7/1/2008,2022-07-02,USD,-9100000
USD50011272501,M M LENDING - FRGN. BANKS FRGN,OAB,"-20,000,000.00","20,000,000.00",0.0,7/1/2008,2022-07-02,USD,20000000
PAL50035110048,II LOANS BANKS FOREIGN COUNTRI,OAB,"130,516.11","-130,516.11",0.0,7/1/2008,2022-07-02,EUR,"-137,385.38"
PAL50035110042,II PLX TERM HO & SUBSDIARIES,OAB,"6,166,993.06","-6,166,993.06",0.0,7/1/2008,2022-07-02,USD,-6166993.06
PAL50035110009,I/I TRM LNS - ENEGCI,OAB,471.28,-471.28,0.0,7/1/2008,2022-07-02,USD,-471.28
USD50011830005,20 ACC/DEP EQUIPMENT,OAB,"30,766.27","-30,766.27",0.0,7/1/2008,2022-07-02,USD,-30766.27
USD50011830006,60-ACC DEP SWIFT EQ,OAB,"4,328.14","-4,328.14",0.0,7/1/2008,2022-07-02,USD,-4328.14
USD50011830008,120-A/DEP VOICE REC,OAB,"76,818.91","-76,818.91",0.0,7/1/2008,2022-07-02,USD,-76818.91
USD50011840001,60-SWIFT EQUIPMENT,OAB,"-4,328.14","4,328.14",0.0,7/1/2008,2022-07-02,USD,4328.14
USD50011840004,40 AS/400 COMPUTR,OAB,"-9,152.70","9,152.70",0.0,7/1/2008,2022-07-02,USD,9152.7
USD50011840007,120 VOICE RECORD,OAB,"-76,818.91","76,818.91",0.0,7/1/2008,2022-07-02,USD,76818.91
USD50011840008,50 OS/400 SOFTWRE,OAB,"-8,772.65","8,772.65",0.0,7/1/2008,2022-07-02,USD,8772.65
USD50011840010,140 TELEPHONE SYS,OAB,"-425,798.59","425,798.59",0.0,7/1/2008,2022-07-02,USD,425798.59
USD50011840011,130 PERSONAL COMP,OAB,"-87,192.15","87,192.15",0.0,7/1/2008,2022-07-02,USD,87192.15
USD50011840012,100 PC/LAN S/WARE,OAB,"-132,086.36","132,086.36",0.0,7/1/2008,2022-07-02,USD,132086.36
USD50011840019,10 FURNITURE BNK,OAB,"-640,429.80","640,429.80",0.0,7/1/2008,2022-07-02,USD,640429.8
USD50011840020,175 LSEHLD IMP R/NY,OAB,"-1,288,673.37","1,288,673.37",0.0,7/1/2008,2022-07-02,USD,1288673.37
USD50011840022,100A-ACTIMIZE,OAB,"-1,779,052.36","1,779,052.36",0.0,10/8/2020,2022-07-02,USD,1779052.36
USD50011840023,100A-A/DEP ACTIMIZE,OAB,"489,914.50","-489,914.50",0.0,10/8/2020,2022-07-02,USD,-489914.5
USD50011840050,30-ACC DEP COMP H/W,OAB,"169,982.55","-169,982.55",0.0,7/1/2008,2022-07-02,USD,-169982.55
USD50011840051,40-ACC DEP AS/400,OAB,"5,948.33","-5,948.33",0.0,7/1/2008,2022-07-02,USD,-5948.33
USD50011840052,50-ACC DEP OS/400 SW,OAB,"7,961.57","-7,961.57",0.0,7/1/2008,2022-07-02,USD,-7961.57
USD50011840059,100-A/DEP PC-LAN,OAB,"112,210.83","-112,210.83",0.0,7/1/2008,2022-07-02,USD,-112210.83
USD50011614102,A/R SLA FEE INC.ON NY FROM GCI,OAB,"-1,999,166.23","1,999,166.23",0.0,7/1/2008,2022-07-02,USD,1999166.23
USD50011614005,ACCOUNTS RECEIVABLE OTHERS,OAB,"-336,542.14","336,542.14",0.0,11/30/2010,2022-07-02,USD,336542.14
USD50011840066,140-AC/DEP TELEPHONE,OAB,"54,013.73","-54,013.73",0.0,7/1/2008,2022-07-02,USD,-54013.73
USD50011614004,SECURITY DEPOSITS,OAB,"-5,572.76","5,572.76",0.0,11/25/2008,2022-07-02,USD,5572.76
PAL50035105029,II DISCOUNT BNKS ACCEPTANCE  G,OAB,"4,099.45","-4,099.45",0.0,7/1/2008,2022-07-02,USD,-4099.45
PAL50035110001,II LOANS COMMERCIAL AND INDUST,OAB,"493,150.29","-493,150.29",0.0,7/1/2008,2022-07-02,USD,-493150.29
PAL50035110005,II LOANS BANKS IN FGN COUNTRIE,OAB,"3,258,084.21","-3,258,084.21",0.0,7/1/2008,2022-07-02,USD,-3258084.21
USD50012800503,HO CAPITAL FUNDS,OAB,"3,000,000.00","-3,000,000.00",0.0,7/1/2008,2022-07-02,USD,-3000000
USD50012920001,BANKS LIABILITY FOR DEFERRED P,OAB,"171,000.00","-171,000.00",0.0,7/1/2008,2022-07-02,USD,-171000
PAL50036110012,IE I/C GCI FUND.BY NYB+IBF,OAB,"-4,012,184.44","4,012,184.44",0.0,7/1/2008,2022-07-02,USD,4012184.44
USD50017002001,FX FWD CONTINGENT (INTER-BANK,OAB,"8,061,208.76","-8,061,208.76",0.0,7/1/2008,2022-07-02,USD,-8061208.76
USD50011911116,SPOT POSITION USD/GBP,OAB,"342,214.65","-342,214.65",0.0,7/1/2008,2022-07-02,USD,-342214.65
USD50011931101,INTERSOL ACCOUNT,OAB,"-376,502,237.44","376,502,237.44",0.0,7/1/2008,2022-07-02,USD,376502237.4
USD50011931104,INTERBRANCH SETTLNY,OAB,"125,288,271.46","-125,288,271.46",0.0,7/1/2008,2022-07-02,USD,-125288271.5
USD50012504701,OFFICIAL CHECKS,OAP,254.82,-254.82,0.0,7/1/2008,2022-07-02,USD,-254.82
USD50012508003,A/P NYS SALES & USE TAX,OAB,160.11,-160.11,0.0,7/1/2008,2022-07-02,USD,-160.11
USD50012508005,A/P GENERAL (USD),OAB,"1,151.16","-1,151.16",0.0,7/1/2008,2022-07-02,USD,-1151.16
USD50012508007,A/P - BONUS PAYABLE TO STAFF,OAB,"225,000.00","-225,000.00",0.0,7/1/2008,2022-07-02,USD,-225000
USD50012508019,DEFERRED RENT EXPENSE ROCKEFEL,OAB,"142,851.85","-142,851.85",0.0,7/1/2008,2022-07-02,USD,-142851.85
USD50012508020,A/P EMPLOYEE EXPENSES,OAB,"110,000.00","-110,000.00",0.0,7/1/2008,2022-07-02,USD,-110000
USD50012508022,A/P LEGAL FEES,OAB,"98,153.60","-98,153.60",0.0,7/1/2008,2022-07-02,USD,-98153.6
USD50012508028,A/P 401K EMPLOYEE PAYABLE,OAB,"50,957.97","-50,957.97",0.0,7/1/2008,2022-07-02,USD,-50957.97
USD50011911107,SPOT POSITION USD,OAB,"-8,136,267.41","8,136,267.41",0.0,7/1/2008,2022-07-02,USD,8136267.41
USD50012508052,A/P ACCOUNTS PAYABLE,OAB,"153,706.86","-153,706.86",0.0,7/1/2008,2022-07-02,USD,-153706.86
USD50012508060,A/P HCM,OAB,"267,498.27","-267,498.27",0.0,2/10/2020,2022-07-02,USD,-267498.27
USD50012508062,A/P IT,OAB,"240,810.86","-240,810.86",0.0,2/10/2020,2022-07-02,USD,-240810.86
USD50012508063,A/P FINANCE,OAB,"18,389.65","-18,389.65",0.0,2/10/2020,2022-07-02,USD,-18389.65
USD50012508068,A/P RISK MANAGEMENT,OAB,"35,000.00","-35,000.00",0.0,2/10/2020,2022-07-02,USD,-35000
USD50012508069,A/P BIZ DEVELOPMENT,OAB,"255,000.00","-255,000.00",0.0,2/10/2020,2022-07-02,USD,-255000
USD50012508072,A/P TRAVEL,OAB,"20,000.00","-20,000.00",0.0,2/10/2020,2022-07-02,USD,-20000
USD50012508080,A/P 401K EMPLOYEE LOAN REPMT,OAB,"28,393.17","-28,393.17",0.0,7/1/2008,2022-07-02,USD,-28393.17
USD50012509003,PAYROLL+MED.EXP.ACCRUAL,OAB,"1,569,094.45","-1,569,094.45",0.0,7/31/2008,2022-07-02,USD,-1569094.45
USD50013700021,RETAINED EARNINGS FYE SEP/30/2,OAB,"-112,307,071.72","112,307,071.72",0.0,7/1/2008,2022-07-02,USD,112307071.7
PAL50016960097,SERVICE CHARGES - BANKS,OAB,"-10,146.00","10,146.00",0.0,12/9/2021,2022-07-02,GBP,12373.17073
LA500300013693,GLOBUS BANK LIMITED WIRE CLEAR,LAA,"-28,999.90","28,999.90",5.95,1/4/2022,2022-07-02,USD,28999.9
USD50012508059,A/P INT.CONTROL AUDIT FEES,OAB,"74,123.60","-74,123.60",0.0,2/10/2020,2022-07-02,USD,-74123.6
USD50011911104,SPOT POSITION USD/EUR,OAB,"-58,924.31","58,924.31",0.0,7/1/2008,2022-07-02,USD,58924.31
PAL50035101502,II EURO BOND PURCHASED,OAB,"4,213,767.05","-4,213,767.05",0.0,2/12/2021,2022-07-02,USD,-4213767.05
USD50011890001,89-SOFTWARE FOR CLOUD SERVER,OAB,"-2,121,723.78","2,121,723.78",0.0,7/14/2017,2022-07-02,USD,2121723.78
USD50017002009,FX SPOT CONTINGENT (INTER-BANK,OAB,"167,309.44","-167,309.44",0.0,7/1/2008,2022-07-02,USD,-167309.44
USD50017017025,Customer Liability for Standby,OAB,"-1,172,581.25","1,172,581.25",0.0,7/1/2008,2022-07-02,USD,1172581.25
USD50017020001,Customer Liability for Export,OAB,"-37,632,469.39","37,632,469.39",0.0,7/1/2008,2022-07-02,USD,37632469.39
USD50017020051,Customer Liability for Export,OAB,"-6,736,175.98","6,736,175.98",0.0,7/1/2008,2022-07-02,USD,6736175.98
USD50017020102,CUSTOMER LIABILITY FOR EXPORT,OAB,"-602,730.00","602,730.00",0.0,7/7/2021,2022-07-02,USD,602730
USD50017020151,CUSTOMER LIABILITY FOR EXPORT,OAB,"-38,885,835.40","38,885,835.40",0.0,7/1/2008,2022-07-02,USD,38885835.4
USD50018017001,Standby LC Issued Clean Line U,OAB,"1,172,581.25","-1,172,581.25",0.0,7/1/2008,2022-07-02,USD,-1172581.25
USD50018020001,EXPORT LCS -CONFRM.-BANK'S LIA,OAB,"83,857,210.77","-83,857,210.77",0.0,7/1/2008,2022-07-02,USD,-83857210.77
USD50019017001,Unconfirmed Export L/C - Memo,OAB,"-151,924,203.12","151,924,203.12",0.0,7/1/2008,2022-07-02,USD,151924203.1
USD50019057001,Unconfirmed Export L/C - Memo,OAB,"151,924,203.12","-151,924,203.12",0.0,7/1/2008,2022-07-02,USD,-151924203.1
USD50021931101,INTERSOL ACCOUNT,OAB,"84,548.22","-84,548.22",0.0,7/1/2008,2022-07-02,USD,-84548.22
USD50018002003,FX SPOT CONTINGENT CONTRA A/C,OAB,"-167,498.57","167,498.57",0.0,7/1/2008,2022-07-02,USD,167498.57
USD50023700021,RETAINED EARNINGS FYE SEP/30/2,OAB,"97,736,323.00","-97,736,323.00",0.0,7/1/2008,2022-07-02,USD,-97736323
USD50021931114,INTER BRANCH SETTLEMENT - IBF,OAB,"-97,820,871.22","97,820,871.22",0.0,4/29/2014,2022-07-02,USD,97820871.22
USD50012517001,UNEARNED FEE INC.CORP,OAB,"164,860.46","-164,860.46",0.0,8/28/2020,2022-07-02,USD,-164860.46
USD50017002003,FX FWD CONTINGENT (INTER-BANK,OAB,"-8,061,019.63","8,061,019.63",0.0,7/1/2008,2022-07-02,USD,8061019.63
USD50011850003,10 ACC/DEP FURNITNY,OAB,"84,820.93","-84,820.93",0.0,7/1/2008,2022-07-02,USD,-84820.93
USD50012518501,AIP SWEEPS,OAB,"36,447.50","-36,447.50",0.0,7/1/2008,2022-07-02,USD,-36447.5
USD50012527002,INTER-DEPTL TRANSFER,OAB,"-5,224.62","5,224.62",0.0,7/1/2008,2022-07-02,USD,5224.62
USD50011890003,89-ACC/DEP CLOUD SERVER,OAB,"1,892,422.38","-1,892,422.38",0.0,7/17/2017,2022-07-02,USD,-1892422.38
USD50031342502,EURO BOND,OAB,"-138,820,000.00","138,820,000.00",0.0,2/12/2021,2022-07-02,USD,138820000
USD50031330532,SECURITIES DISCOUNT BOND,OAB,"5,653,375.93","-5,653,375.93",0.0,2/16/2021,2022-07-02,USD,-5653375.93
USD50031272002,M M LENDING - HEAD OFFICE AND,OAB,"-519,700,000.00","519,700,000.00",0.0,7/1/2008,2022-07-02,USD,519700000
XOF50011216001,NOSTRO-UBA SENEGAL,OAB,"-1,817,442,498.00","1,817,442,498.00",0.0,2/15/2019,2022-07-02,XOF,2874744.939
LA500300013708,FIRST CITY MONUMENT BANK PLC,LAA,"-228,074.46","228,074.46",5.09,1/6/2022,2022-07-05,USD,228074.46
LA500300014180,GLOBUS BANK LIMITED WIRE CLEAR,LAA,"-8,898.00","8,898.00",9.36,6/15/2022,2022-07-05,USD,8898
LA500300013703,NOVA MERCHANT BANK,LAA,"-403,891.20","403,891.20",6.09,1/6/2022,2022-07-05,USD,403891.2
LA500300013704,NOVA MERCHANT BANK,LAA,"-515,818.30","515,818.30",6.09,1/6/2022,2022-07-05,USD,515818.3
LA500300013705,NOVA MERCHANT BANK,LAA,"-159,846.00","159,846.00",6.09,1/6/2022,2022-07-05,USD,159846
LA500300013706,FIRST CITY MONUMENT BANK PLC,LAA,"-61,340.00","61,340.00",5.09,1/6/2022,2022-07-05,USD,61340
LA500300013999,UNION BANK,LAA,"-627,900.00","627,900.00",6.21,4/6/2022,2022-07-05,USD,627900
LA500300013709,FIRST CITY MONUMENT BANK PLC,LAA,"-61,304.00","61,304.00",5.09,1/6/2022,2022-07-05,USD,61304
LA500300013710,FIRST CITY MONUMENT BANK PLC,LAA,"-226,166.45","226,166.45",5.09,1/6/2022,2022-07-05,USD,226166.45
LA500300013711,FIRST CITY MONUMENT BANK PLC,LAA,"-136,450.00","136,450.00",5.09,1/6/2022,2022-07-05,USD,136450
LA500300013707,FIRST CITY MONUMENT BANK PLC,LAA,"-234,775.00","234,775.00",5.09,1/6/2022,2022-07-05,USD,234775
LA500300013717,FIRST CITY MONUMENT BANK PLC,LAA,"-78,427.66","78,427.66",5.09,1/7/2022,2022-07-06,USD,78427.66
LA500300013822,FIRST CITY MONUMENT BANK PLC,LAA,"-1,000,000.00","1,000,000.00",5.09,1/7/2022,2022-07-06,USD,1000000
LA500300014002,GLOBUS BANK LIMITED WIRE CLEAR,LAA,"-202,675.00","202,675.00",6.71,4/7/2022,2022-07-06,USD,202675
LA500300013718,FIRST CITY MONUMENT BANK PLC,LAA,"-132,600.00","132,600.00",5.09,1/7/2022,2022-07-06,USD,132600
LA500300013713,FIRST CITY MONUMENT BANK PLC,LAA,"-133,282.63","133,282.63",5.09,1/7/2022,2022-07-06,USD,133282.63
LA500300014006,GLOBUS BANK LIMITED WIRE CLEAR,LAA,"-204,015.00","204,015.00",6.73,4/8/2022,2022-07-07,USD,204015
LA500300013712,GLOBUS BANK LIMITED WIRE CLEAR,LAA,"-154,495.94","154,495.94",7.47,1/7/2022,2022-07-07,USD,154495.94
LA500300013729,FIDELITY BANK PLC TRADING ACCO,LAA,"-480,600.00","480,600.00",5.11,1/10/2022,2022-07-08,USD,480600
LA500300013720,FIDELITY BANK PLC TRADING ACCO,LAA,"-224,280.00","224,280.00",5.11,1/10/2022,2022-07-08,USD,224280
LA500300013781,NOVA MERCHANT BANK,LAA,"-54,062.00","54,062.00",4.71,1/28/2022,2022-07-08,USD,54062
LA500300013730,FIDELITY BANK PLC TRADING ACCO,LAA,"-128,160.00","128,160.00",5.11,1/10/2022,2022-07-08,USD,128160
LA500300013728,FIDELITY BANK PLC TRADING ACCO,LAA,"-458,325.00","458,325.00",5.11,1/10/2022,2022-07-08,USD,458325
LA500300013727,FIDELITY BANK PLC TRADING ACCO,LAA,"-152,775.00","152,775.00",5.11,1/10/2022,2022-07-08,USD,152775
LA500300013725,FIDELITY BANK PLC TRADING ACCO,LAA,"-256,320.00","256,320.00",5.11,1/10/2022,2022-07-08,USD,256320
LA500300013724,FIDELITY BANK PLC TRADING ACCO,LAA,"-213,885.00","213,885.00",5.11,1/10/2022,2022-07-08,USD,213885
LA500300013723,FIDELITY BANK PLC TRADING ACCO,LAA,"-416,520.00","416,520.00",5.11,1/10/2022,2022-07-08,USD,416520
LA500300013721,FIDELITY BANK PLC TRADING ACCO,LAA,"-152,775.00","152,775.00",5.11,1/10/2022,2022-07-08,USD,152775
LA500300013722,FIDELITY BANK PLC TRADING ACCO,LAA,"-96,120.00","96,120.00",5.11,1/10/2022,2022-07-08,USD,96120
LA500300013726,FIDELITY BANK PLC TRADING ACCO,LAA,"-488,880.00","488,880.00",5.11,1/10/2022,2022-07-08,USD,488880
LA500300014010,FBNQUEST MERCHANT BANK LIMITED,LAA,"-139,480.00","139,480.00",7.25,4/11/2022,2022-07-11,USD,139480
LA500300014009,FBNQUEST MERCHANT BANK LIMITED,LAA,"-121,480.00","121,480.00",7.25,4/11/2022,2022-07-11,USD,121480
LA500300013907,GREENWICH MERCHANT BANK LIMITE,LAA,"-3,595.02","3,595.02",7.25,3/3/2022,2022-07-12,GBP,
LA500300013737,GLOBUS BANK LIMITED WIRE CLEAR,LAA,"-507,541.10","507,541.10",6.05,1/13/2022,2022-07-12,USD,507541.1
LA500300014018,GLOBUS BANK LIMITED WIRE CLEAR,LAA,"-50,916.97","50,916.97",6.78,4/14/2022,2022-07-13,USD,50916.97
LA500300014019,GLOBUS BANK LIMITED WIRE CLEAR,LAA,"-153,000.00","153,000.00",6.78,4/14/2022,2022-07-13,USD,153000
LA500300014027,GLOBUS BANK LIMITED WIRE CLEAR,LAA,"-146,641.98","146,641.98",6.79,4/15/2022,2022-07-14,USD,146641.98
LA500300013939,UNITED BANK FOR AFRICA PLC,LAA,"-10,258,875.00","10,258,875.00",4.77,3/21/2022,2022-07-15,USD,10258875
LA500300013646,GLOBUS BANK LIMITED WIRE CLEAR,LAA,"-102,344.00","102,344.00",8.91,11/24/2021,2022-07-15,USD,102344
LA500300013940,UNITED BANK FOR AFRICA PLC,LAA,"-118,268.25","118,268.25",4.77,3/21/2022,2022-07-15,USD,118268.25
LA500300013748,FIDELITY BANK PLC TRADING ACCO,LAA,"-10,616,425.25","10,616,425.25",5.39,1/18/2022,2022-07-15,USD,10616425.25
LA500300013942,UNITED BANK FOR AFRICA PLC,LAA,"-83,695.00","83,695.00",4.77,3/21/2022,2022-07-15,USD,83695
LA500300014032,STERLING BANK PLC,LAA,"-97,520.05","97,520.05",6.81,4/19/2022,2022-07-15,USD,97520.05
LA500300014033,STERLING BANK PLC,LAA,"-68,705.13","68,705.13",6.81,4/19/2022,2022-07-15,USD,68705.13
LA500300013941,UNITED BANK FOR AFRICA PLC,LAA,"-128,700.00","128,700.00",4.77,3/21/2022,2022-07-15,USD,128700
LA500300014133,UNITED BANK FOR AFRICA PLC,LAA,"-40,000.00","40,000.00",5.3,5/27/2022,2022-07-18,USD,40000
LA500300013771,CORONATION MERCHANT BANK,LAA,"-12,117.17","12,117.17",5.17,1/20/2022,2022-07-19,USD,12117.17
LA500300013937,STERLING BANK PLC,LAA,"-301,190.84","301,190.84",7.02,3/21/2022,2022-07-19,USD,301190.84
LA500300014035,GLOBUS BANK LIMITED WIRE CLEAR,LAA,"-699,215.17","699,215.17",6.81,4/20/2022,2022-07-19,USD,699215.17
LA500300013961,UNITED BANK FOR AFRICA PLC,LAA,"-25,491.86","25,491.86",4.88,3/25/2022,2022-07-19,USD,25491.86
LA500300014036,GLOBUS BANK LIMITED WIRE CLEAR,LAA,"-46,096.00","46,096.00",6.81,4/20/2022,2022-07-19,USD,46096
LA500100000012,UNITED BANK FOR AFRICA PLC,LAA,"-187,749.85","187,749.85",4.88,3/24/2022,2022-07-19,USD,187749.85
LA500300013951,UNITED BANK FOR AFRICA PLC,LAA,"-38,204.64","38,204.64",4.83,3/23/2022,2022-07-19,USD,38204.64
LA500300013956,UNITED BANK FOR AFRICA PLC,LAA,"-22,561.00","22,561.00",4.88,3/24/2022,2022-07-19,USD,22561
LA500100000013,UNITED BANK FOR AFRICA PLC,LAA,"-210,774.00","210,774.00",4.88,3/24/2022,2022-07-19,USD,210774
LA500300014037,GLOBUS BANK LIMITED WIRE CLEAR,LAA,"-58,290.00","58,290.00",6.81,4/20/2022,2022-07-19,USD,58290
LA500300013950,UNITED BANK FOR AFRICA PLC,LAA,"-4,263,806.20","4,263,806.20",4.83,3/23/2022,2022-07-20,USD,4263806.2
LA500300013774,FIDELITY BANK PLC TRADING ACCO,LAA,"-10,270,146.00","10,270,146.00",5.44,1/21/2022,2022-07-20,USD,10270146
LA500300013780,FIRST CITY MONUMENT BANK PLC,LAA,"-1,500,000.00","1,500,000.00",5.19,1/21/2022,2022-07-20,USD,1500000
LA500300014111,UNITED BANK FOR AFRICA PLC,LAA,"-54,489.34","54,489.34",5.22,5/20/2022,2022-07-20,USD,54489.34
LA500300013968,UNITED BANK FOR AFRICA PLC,LAA,"-173,490.94","173,490.94",4.95,3/29/2022,2022-07-20,USD,173490.94
LA500300013984,UNITED BANK FOR AFRICA PLC,LAA,"-157,580.72","157,580.72",4.99,3/31/2022,2022-07-21,USD,157580.72
LA500300013963,UNITED BANK FOR AFRICA PLC,LAA,"-115,216.22","115,216.22",5.13,3/25/2022,2022-07-21,USD,115216.22
LA500300013988,UNITED BANK FOR AFRICA PLC,LAA,"-130,392.53","130,392.53",4.96,4/4/2022,2022-07-21,USD,130392.53
LA500300013970,UNITED BANK FOR AFRICA PLC,LAA,"-147,299.14","147,299.14",4.95,3/29/2022,2022-07-21,USD,147299.14
LA500300013976,UNITED BANK FOR AFRICA PLC,LAA,"-89,568.74","89,568.74",4.99,3/30/2022,2022-07-22,USD,89568.74
LA500300013996,UNITED BANK FOR AFRICA PLC,LAA,"-79,254.41","79,254.41",4.98,4/5/2022,2022-07-22,USD,79254.41
LA500300013992,UNITED BANK FOR AFRICA PLC,LAA,"-76,100.00","76,100.00",4.96,4/4/2022,2022-07-22,USD,76100
LA500300013960,UNION BANK,LAA,"-81,180.00","81,180.00",6.63,3/25/2022,2022-07-22,USD,81180
LA500300013983,UNITED BANK FOR AFRICA PLC,LAA,"-233,875.72","233,875.72",4.99,3/31/2022,2022-07-22,USD,233875.72
LA500300013969,UNITED BANK FOR AFRICA PLC,LAA,"-2,478,250.00","2,478,250.00",4.95,3/29/2022,2022-07-22,USD,2478250
LA500300013982,UNITED BANK FOR AFRICA PLC,LAA,"-81,758.82","81,758.82",4.99,3/31/2022,2022-07-22,USD,81758.82
LA500300013977,UNITED BANK FOR AFRICA PLC,LAA,"-510,004.80","510,004.80",4.99,3/30/2022,2022-07-22,USD,510004.8
LA500300013981,UNITED BANK FOR AFRICA PLC,LAA,"-175,440.00","175,440.00",4.99,3/31/2022,2022-07-22,USD,175440
LA500300013989,UNITED BANK FOR AFRICA PLC,LAA,"-53,395.50","53,395.50",4.96,4/4/2022,2022-07-22,USD,53395.5
LA500300014052,GLOBUS BANK LIMITED WIRE CLEAR,LAA,"-39,303.04","39,303.04",6.96,4/26/2022,2022-07-25,USD,39303.04
LA500300013778,GLOBUS BANK LIMITED WIRE CLEAR,LAA,"-16,752.00","16,752.00",6.32,1/26/2022,2022-07-25,USD,16752
LA500300013777,GREENWICH MERCHANT BANK LIMITE,LAA,"-1,908.38","1,908.38",7.32,1/26/2022,2022-07-25,USD,1908.38
LA500300013987,UNITED BANK FOR AFRICA PLC,LAA,"-9,226.08","9,226.08",4.96,4/4/2022,2022-07-26,USD,9226.08
LA500300014053,GLOBUS BANK LIMITED WIRE CLEAR,LAA,"-48,170.00","48,170.00",6.97,4/27/2022,2022-07-26,USD,48170
LA500300013783,GLOBUS BANK LIMITED WIRE CLEAR,LAA,"-249,875.93","249,875.93",6.32,1/28/2022,2022-07-27,USD,249875.93
LA500300013784,GLOBUS BANK LIMITED WIRE CLEAR,LAA,"-193,540.21","193,540.21",6.32,1/28/2022,2022-07-27,USD,193540.21
LA500300013785,GLOBUS BANK LIMITED WIRE CLEAR,LAA,"-170,850.00","170,850.00",6.32,1/31/2022,2022-07-28,USD,170850
LA500300013998,UNITED BANK FOR AFRICA PLC,LAA,"-248,861.75","248,861.75",4.99,4/6/2022,2022-07-28,USD,248861.75
LA500300014001,UNITED BANK FOR AFRICA PLC,LAA,"-138,857.05","138,857.05",4.99,4/6/2022,2022-07-28,USD,138857.05
LA500300013985,UNITED BANK FOR AFRICA PLC,LAA,"-6,674,247.17","6,674,247.17",4.99,3/31/2022,2022-07-28,USD,6674247.17
LA500300013990,UNITED BANK FOR AFRICA PLC,LAA,"-75,266.33","75,266.33",4.96,4/4/2022,2022-07-29,USD,75266.33
LA500300013994,UNITED BANK FOR AFRICA PLC,LAA,"-55,322.12","55,322.12",4.98,4/5/2022,2022-07-29,USD,55322.12
LA500300014004,UNITED BANK FOR AFRICA PLC,LAA,"-255,150.00","255,150.00",4.97,4/7/2022,2022-07-29,USD,255150
LA500300014005,UNITED BANK FOR AFRICA PLC,LAA,"-14,243.91","14,243.91",4.97,4/7/2022,2022-07-29,USD,14243.91
LA500300014059,GLOBUS BANK LIMITED WIRE CLEAR,LAA,"-60,800.00","60,800.00",7.08,5/4/2022,2022-08-02,USD,60800
LA500300013997,UNITED BANK FOR AFRICA PLC,LAA,"-3,485,460.26","3,485,460.26",4.99,4/6/2022,2022-08-03,USD,3485460.26
LA500300013702,STERLING BANK PLC,LAA,"-21,517.19","21,517.19",8.74,1/6/2022,2022-08-03,USD,21517.19
LA500300014079,UNITED BANK FOR AFRICA PLC,LAA,"-359,521.35","359,521.35",4.92,5/13/2022,2022-08-04,USD,359521.35
LA500300014068,CORONATION MERCHANT BANK,LAA,"-84,046.63","84,046.63",7.15,5/6/2022,2022-08-04,USD,84046.63
LA500300014029,UNITED BANK FOR AFRICA PLC,LAA,"-415,800.00","415,800.00",5.05,4/18/2022,2022-08-04,USD,415800
LA500300014093,UNITED BANK FOR AFRICA PLC,LAA,"-143,280.00","143,280.00",4.94,5/17/2022,2022-08-04,USD,143280
LA500300014149,UNITED BANK FOR AFRICA PLC,LAA,"-76,100.00","76,100.00",5.12,6/7/2022,2022-08-04,USD,76100
LA500300014028,UNITED BANK FOR AFRICA PLC,LAA,"-415,800.00","415,800.00",5.05,4/18/2022,2022-08-04,USD,415800
LA500300014082,UNITED BANK FOR AFRICA PLC,LAA,"-225,040.00","225,040.00",4.92,5/13/2022,2022-08-05,USD,225040
LA500300014080,UNITED BANK FOR AFRICA PLC,LAA,"-6,085.27","6,085.27",4.92,5/13/2022,2022-08-05,USD,6085.27
LA500300014067,UNITED BANK FOR AFRICA PLC,LAA,"-151,140.00","151,140.00",5.51,5/6/2022,2022-08-05,USD,151140
LA500300014092,UNITED BANK FOR AFRICA PLC,LAA,"-107,480.00","107,480.00",4.94,5/17/2022,2022-08-05,USD,107480
LA500300014011,UNITED BANK FOR AFRICA PLC,LAA,"-408,241.23","408,241.23",5.29,4/12/2022,2022-08-05,USD,408241.23
LA500100000010,GCB BANK LIMITED,LAA,"-20,000,000.00","20,000,000.00",2.73,2/7/2022,2022-08-05,USD,20000000
LA500300013804,GLOBUS BANK LIMITED WIRE CLEAR,LAA,"-309,400.00","309,400.00",7.96,2/9/2022,2022-08-08,USD,309400
LA500300013820,SUNTRUST BANK NIGERIA LIMITED,LAA,"-81,924.08","81,924.08",6.38,2/10/2022,2022-08-09,USD,81924.08
LA500300014030,UNITED BANK FOR AFRICA PLC,LAA,"-88,468.76","88,468.76",5.05,4/19/2022,2022-08-09,USD,88468.76
LA500300013821,SUNTRUST BANK NIGERIA LIMITED,LAA,"-156,125.92","156,125.92",6.38,2/10/2022,2022-08-09,USD,156125.92
LA500300014095,UNITED BANK FOR AFRICA PLC,LAA,"-71,100.00","71,100.00",4.94,5/17/2022,2022-08-09,USD,71100
LA500300014013,WEMA BANK PLC.,LAA,"-89,280.00","89,280.00",7.29,4/12/2022,2022-08-10,USD,89280
LA500300014012,WEMA BANK PLC.,LAA,"-89,280.00","89,280.00",7.29,4/12/2022,2022-08-10,USD,89280
LA500300014077,FBNQUEST MERCHANT BANK LIMITED,LAA,"-328,507.24","328,507.24",7.14,5/12/2022,2022-08-10,USD,328507.24
LA500300014074,GLOBUS BANK LIMITED WIRE CLEAR,LAA,"-36,270.00","36,270.00",7.14,5/12/2022,2022-08-10,USD,36270
LA500300014075,FBNQUEST MERCHANT BANK LIMITED,LAA,"-16,069.00","16,069.00",7.14,5/12/2022,2022-08-10,USD,16069
LA500300013846,GLOBUS BANK LIMITED WIRE CLEAR,LAA,"-66,921.00","66,921.00",7.96,2/14/2022,2022-08-11,USD,66921
LA500300013845,GLOBUS BANK LIMITED WIRE CLEAR,LAA,"-165,838.26","165,838.26",7.96,2/14/2022,2022-08-11,USD,165838.26
LA500300014049,UNITED BANK FOR AFRICA PLC,LAA,"-819,259.30","819,259.30",5.22,4/25/2022,2022-08-12,USD,819259.3
LA500300014048,UNITED BANK FOR AFRICA PLC,LAA,"-429,200.00","429,200.00",5.17,4/22/2022,2022-08-12,USD,429200
LA500300014179,CORONATION MERCHANT BANK,LAA,"-168,249.60","168,249.60",9.21,6/15/2022,2022-08-12,USD,168249.6
LA500300014178,CORONATION MERCHANT BANK,LAA,"-1,855,923.36","1,855,923.36",9.21,6/15/2022,2022-08-12,USD,1855923.36
LA500300014045,UNITED BANK FOR AFRICA PLC,LAA,"-402,500.63","402,500.63",5.17,4/22/2022,2022-08-12,USD,402500.63
LA500300014177,CORONATION MERCHANT BANK,LAA,"-1,755,728.00","1,755,728.00",9.21,6/15/2022,2022-08-12,USD,1755728
LA500300014176,CORONATION MERCHANT BANK,LAA,"-1,742,112.00","1,742,112.00",9.21,6/15/2022,2022-08-12,USD,1742112
LA500300014174,CORONATION MERCHANT BANK,LAA,"-365,985.57","365,985.57",9.21,6/15/2022,2022-08-12,USD,365985.57
LA500300014094,UNITED BANK FOR AFRICA PLC,LAA,"-72,578.40","72,578.40",4.94,5/17/2022,2022-08-12,USD,72578.4
LA500300014175,CORONATION MERCHANT BANK,LAA,"-1,683,471.20","1,683,471.20",9.21,6/15/2022,2022-08-12,USD,1683471.2
LA500300014087,FBNQUEST MERCHANT BANK LIMITED,LAA,"-13,352.44","13,352.44",7.7,5/16/2022,2022-08-15,USD,13352.44
LA500300013875,GLOBUS BANK LIMITED WIRE CLEAR,LAA,"-82,009.85","82,009.85",7.95,2/15/2022,2022-08-15,USD,82009.85
LA500300014085,FBNQUEST MERCHANT BANK LIMITED,LAA,"-282,816.00","282,816.00",7.7,5/16/2022,2022-08-15,USD,282816
LA500300014086,FBNQUEST MERCHANT BANK LIMITED,LAA,"-282,816.00","282,816.00",7.7,5/16/2022,2022-08-15,USD,282816
LA500300014090,FBNQUEST MERCHANT BANK LIMITED,LAA,"-430,976.00","430,976.00",7.7,5/16/2022,2022-08-15,USD,430976
LA500300013884,FBNQUEST MERCHANT BANK LIMITED,LAA,"-141,093.91","141,093.91",8.49,2/16/2022,2022-08-15,USD,141093.91
LA500300014089,FBNQUEST MERCHANT BANK LIMITED,LAA,"-430,976.00","430,976.00",7.7,5/16/2022,2022-08-15,USD,430976
LA500300013881,GLOBUS BANK LIMITED WIRE CLEAR,LAA,"-48,170.00","48,170.00",7.99,2/16/2022,2022-08-15,USD,48170
LA500300013883,FBNQUEST MERCHANT BANK LIMITED,LAA,"-390,390.00","390,390.00",8.49,2/16/2022,2022-08-15,USD,390390
LA500300013882,GLOBUS BANK LIMITED WIRE CLEAR,LAA,"-267,136.38","267,136.38",7.99,2/16/2022,2022-08-15,USD,267136.38
LA500300014084,UNITED BANK FOR AFRICA PLC,LAA,"-392,489.75","392,489.75",5.7,5/16/2022,2022-08-17,USD,392489.75
LA500300014047,UNITED BANK FOR AFRICA PLC,LAA,"-1,280,310.59","1,280,310.59",5.17,4/22/2022,2022-08-17,USD,1280310.59
LA500300014046,UNITED BANK FOR AFRICA PLC,LAA,"-317,712.89","317,712.89",5.17,4/22/2022,2022-08-17,USD,317712.89
LA500300014044,UNITED BANK FOR AFRICA PLC,LAA,"-527,475.56","527,475.56",5.17,4/22/2022,2022-08-17,USD,527475.56
LA500300014040,UNITED BANK FOR AFRICA PLC,LAA,"-545,888.37","545,888.37",5.1,4/21/2022,2022-08-17,USD,545888.37
LA500300014043,UNITED BANK FOR AFRICA PLC,LAA,"-1,452,666.89","1,452,666.89",5.17,4/22/2022,2022-08-17,USD,1452666.89
LA500300014042,UNITED BANK FOR AFRICA PLC,LAA,"-149,013.66","149,013.66",5.17,4/22/2022,2022-08-17,USD,149013.66
LA500300014041,UNITED BANK FOR AFRICA PLC,LAA,"-1,266,215.83","1,266,215.83",5.1,4/21/2022,2022-08-17,USD,1266215.83
LA500100000015,UNITED BANK FOR AFRICA PLC,LAA,"-151,880.45","151,880.45",5.07,5/31/2022,2022-08-17,USD,151880.45
LA500300014108,FBNQUEST MERCHANT BANK LIMITED,LAA,"-201,296.60","201,296.60",7.22,5/20/2022,2022-08-18,USD,201296.6
LA500300014107,FBNQUEST MERCHANT BANK LIMITED,LAA,"-120,800.00","120,800.00",7.22,5/20/2022,2022-08-18,USD,120800
LA500300014106,FBNQUEST MERCHANT BANK LIMITED,LAA,"-416,470.28","416,470.28",7.22,5/20/2022,2022-08-18,USD,416470.28
LA500300014034,UNITED BANK FOR AFRICA PLC,LAA,"-1,200,107.71","1,200,107.71",5.05,4/20/2022,2022-08-18,USD,1200107.71
LA500300014110,FBNQUEST MERCHANT BANK LIMITED,LAA,"-471,500.00","471,500.00",7.22,5/20/2022,2022-08-18,USD,471500
LA500300014109,FBNQUEST MERCHANT BANK LIMITED,LAA,"-346,367.26","346,367.26",7.22,5/20/2022,2022-08-18,USD,346367.26
LA500300013894,GLOBUS BANK LIMITED WIRE CLEAR,LAA,"-829,810.80","829,810.80",8.06,2/23/2022,2022-08-22,USD,829810.8
LA500300013895,GLOBUS BANK LIMITED WIRE CLEAR,LAA,"-1,279,184.64","1,279,184.64",8.06,2/23/2022,2022-08-22,USD,1279184.64
LA500300014062,UNITED BANK FOR AFRICA PLC,LAA,"-40,555.00","40,555.00",5.41,5/4/2022,2022-08-23,USD,40555
LA500300014151,UNITED BANK FOR AFRICA PLC,LAA,"-348,277.59","348,277.59",5.12,6/7/2022,2022-08-23,USD,348277.59
LA500300014050,UNITED BANK FOR AFRICA PLC,LAA,"-106,250.00","106,250.00",5.22,4/25/2022,2022-08-23,USD,106250
LA500300014099,UNITED BANK FOR AFRICA PLC,LAA,"-68,600.00","68,600.00",5.51,5/18/2022,2022-08-23,USD,68600
LA500300014055,UNITED BANK FOR AFRICA PLC,LAA,"-207,808.04","207,808.04",5.32,4/29/2022,2022-08-23,USD,207808.04
LA500300014071,UNITED BANK FOR AFRICA PLC,LAA,"-446,825.45","446,825.45",5.46,5/10/2022,2022-08-23,USD,446825.45
LA500300013896,GLOBUS BANK LIMITED WIRE CLEAR,LAA,"-153,864.00","153,864.00",8.06,2/24/2022,2022-08-23,USD,153864
LA500300014058,UNITED BANK FOR AFRICA PLC,LAA,"-47,024.00","47,024.00",5.41,5/4/2022,2022-08-23,USD,47024
LA500300014123,GLOBUS BANK LIMITED WIRE CLEAR,LAA,"-353,780.00","353,780.00",7.27,5/25/2022,2022-08-23,USD,353780
LA500300014129,FBNQUEST MERCHANT BANK LIMITED,LAA,"-528,840.00","528,840.00",7.28,5/26/2022,2022-08-24,USD,528840
LA500300013900,FBNQUEST MERCHANT BANK LIMITED,LAA,"-138,581.76","138,581.76",8.57,2/25/2022,2022-08-24,USD,138581.76
LA500300013897,GLOBUS BANK LIMITED WIRE CLEAR,LAA,"-127,750.00","127,750.00",8.07,2/25/2022,2022-08-24,USD,127750
LA500300013901,FBNQUEST MERCHANT BANK LIMITED,LAA,"-150,200.97","150,200.97",8.57,2/25/2022,2022-08-24,USD,150200.97
LA500300014065,UNITED BANK FOR AFRICA PLC,LAA,"-905,756.04","905,756.04",5.48,5/5/2022,2022-08-25,USD,905756.04
LA500300014069,UNITED BANK FOR AFRICA PLC,LAA,"-84,500.00","84,500.00",5.46,5/10/2022,2022-08-25,USD,84500
LA500300014061,UNITED BANK FOR AFRICA PLC,LAA,"-416,145.60","416,145.60",5.41,5/4/2022,2022-08-25,USD,416145.6
LA500300014057,UNITED BANK FOR AFRICA PLC,LAA,"-80,209.78","80,209.78",5.59,5/2/2022,2022-08-25,USD,80209.78
LA500300014144,UNITED BANK FOR AFRICA PLC,LAA,"-70,185.86","70,185.86",5.36,6/2/2022,2022-08-25,USD,70185.86
LA500300014154,UNITED BANK FOR AFRICA PLC,LAA,"-76,917.50","76,917.50",5.41,6/8/2022,2022-08-25,USD,76917.5
LA500300014114,UNITED BANK FOR AFRICA PLC,LAA,"-59,600.00","59,600.00",5.52,5/23/2022,2022-08-26,USD,59600
LA500300014098,UNITED BANK FOR AFRICA PLC,LAA,"-3,269,404.25","3,269,404.25",5.51,5/18/2022,2022-08-26,USD,3269404.25
LA500300014101,UNITED BANK FOR AFRICA PLC,LAA,"-49,312.52","49,312.52",5.51,5/18/2022,2022-08-26,USD,49312.52
LA500300014064,UNITED BANK FOR AFRICA PLC,LAA,"-83,839.85","83,839.85",5.48,5/5/2022,2022-08-26,USD,83839.85
LA500300014081,UNITED BANK FOR AFRICA PLC,LAA,"-144,425.16","144,425.16",5.46,5/13/2022,2022-08-26,USD,144425.16
LA500300014096,UNITED BANK FOR AFRICA PLC,LAA,"-40,248.90","40,248.90",5.49,5/17/2022,2022-08-26,USD,40248.9
LA500300014073,UNITED BANK FOR AFRICA PLC,LAA,"-40,897.17","40,897.17",5.73,5/11/2022,2022-08-26,USD,40897.17
LA500300014072,UNITED BANK FOR AFRICA PLC,LAA,"-232,667.94","232,667.94",5.46,5/10/2022,2022-08-26,USD,232667.94
LA500300014070,UNITED BANK FOR AFRICA PLC,LAA,"-85,621.52","85,621.52",5.46,5/10/2022,2022-08-26,USD,85621.52
LA500300014066,UNITED BANK FOR AFRICA PLC,LAA,"-122,457.80","122,457.80",5.48,5/5/2022,2022-08-26,USD,122457.8
LA500300014115,UNITED BANK FOR AFRICA PLC,LAA,"-79,200.00","79,200.00",5.52,5/23/2022,2022-08-26,USD,79200
LA500300014113,UNITED BANK FOR AFRICA PLC,LAA,"-60,100.00","60,100.00",5.52,5/23/2022,2022-08-26,USD,60100
LA500300013905,GLOBUS BANK LIMITED WIRE CLEAR,LAA,"-65,721.00","65,721.00",8.07,3/2/2022,2022-08-29,USD,65721
LA500300014134,GLOBUS BANK LIMITED WIRE CLEAR,LAA,"-110,575.91","110,575.91",7.32,5/31/2022,2022-08-29,USD,110575.91
LA500300014136,GLOBUS BANK LIMITED WIRE CLEAR,LAA,"-92,500.00","92,500.00",7.32,5/31/2022,2022-08-29,USD,92500
LA500300013908,FIRST CITY MONUMENT BANK PLC,LAA,"-45,322.31","45,322.31",5.54,3/4/2022,2022-08-30,USD,45322.31
LA500300014143,FBNQUEST MERCHANT BANK LIMITED,LAA,"-163,500.00","163,500.00",7.36,6/2/2022,2022-08-31,USD,163500
LA500300013909,FIRST CITY MONUMENT BANK PLC,LAA,"-2,029,000.00","2,029,000.00",5.54,3/4/2022,2022-08-31,USD,2029000
LA500300013910,FIRST CITY MONUMENT BANK PLC,LAA,"-138,603.87","138,603.87",5.54,3/4/2022,2022-08-31,USD,138603.87
LA500300013918,STERLING BANK PLC,LAA,"-97,707.00","97,707.00",6.97,3/9/2022,2022-09-02,USD,97707
LA500300014148,FBNQUEST MERCHANT BANK LIMITED,LAA,"-211,900.00","211,900.00",7.85,6/7/2022,2022-09-06,USD,211900
LA500300013925,FIRST CITY MONUMENT BANK PLC,LAA,"-902,597.50","902,597.50",5.88,3/15/2022,2022-09-06,USD,902597.5
LA500300013945,FIRST CITY MONUMENT BANK PLC,LAA,"-1,675,431.99","1,675,431.99",6.03,3/22/2022,2022-09-06,USD,1675431.99
LA500300014152,GLOBUS BANK LIMITED WIRE CLEAR,LAA,"-214,720.00","214,720.00",7.85,6/7/2022,2022-09-06,USD,214720
LA500300014150,GLOBUS BANK LIMITED WIRE CLEAR,LAA,"-187,880.80","187,880.80",7.85,6/7/2022,2022-09-06,USD,187880.8
LA500300013926,FIRST CITY MONUMENT BANK PLC,LAA,"-1,042,698.00","1,042,698.00",5.88,3/15/2022,2022-09-06,USD,1042698
LA500300013930,FIRST CITY MONUMENT BANK PLC,LAA,"-278,757.00","278,757.00",5.98,3/17/2022,2022-09-06,USD,278757
LA500300013928,FIRST CITY MONUMENT BANK PLC,LAA,"-1,228,675.40","1,228,675.40",5.98,3/17/2022,2022-09-06,USD,1228675.4
LA500300013932,FIRST CITY MONUMENT BANK PLC,LAA,"-471,000.00","471,000.00",6.0,3/18/2022,2022-09-06,USD,471000
LA500300013929,FIRST CITY MONUMENT BANK PLC,LAA,"-1,304,663.99","1,304,663.99",5.98,3/17/2022,2022-09-06,USD,1304663.99
LA500300013944,FIRST CITY MONUMENT BANK PLC,LAA,"-238,000.00","238,000.00",6.03,3/22/2022,2022-09-06,USD,238000
LA500300014147,FBNQUEST MERCHANT BANK LIMITED,LAA,"-201,900.00","201,900.00",7.85,6/7/2022,2022-09-06,USD,201900
LA500300014185,GLOBUS BANK LIMITED WIRE CLEAR,LAA,"-408,971.06","408,971.06",8.26,6/10/2022,2022-09-08,USD,408971.06
LA500300014181,GLOBUS BANK LIMITED WIRE CLEAR,LAA,"-64,226.00","64,226.00",8.91,6/10/2022,2022-09-08,USD,64226
LA500300014182,GLOBUS BANK LIMITED WIRE CLEAR,LAA,"-21,448.00","21,448.00",8.91,6/10/2022,2022-09-08,USD,21448
LA500300014183,GLOBUS BANK LIMITED WIRE CLEAR,LAA,"-605,538.39","605,538.39",8.26,6/10/2022,2022-09-08,USD,605538.39
LA500300013946,FIRST CITY MONUMENT BANK PLC,LAA,"-325,000.00","325,000.00",6.03,3/22/2022,2022-09-09,USD,325000
LA500300014091,UNITED BANK FOR AFRICA PLC,LAA,"-135,558.50","135,558.50",5.74,5/17/2022,2022-09-09,USD,135558.5
LA500300014025,CORONATION MERCHANT BANK,LAA,"-328,320.00","328,320.00",7.3,4/15/2022,2022-09-12,USD,328320
LA500300013924,GLOBUS BANK LIMITED WIRE CLEAR,LAA,"-44,500.00","44,500.00",8.95,3/15/2022,2022-09-12,USD,44500
LA500300013927,FIRST CITY MONUMENT BANK PLC,LAA,"-476,504.73","476,504.73",5.92,3/16/2022,2022-09-12,USD,476504.73
LA500300013933,FIRST CITY MONUMENT BANK PLC,LAA,"-97,895.12","97,895.12",6.0,3/18/2022,2022-09-12,USD,97895.12
LA500300014159,GLOBUS BANK LIMITED WIRE CLEAR,LAA,"-45,710.00","45,710.00",7.49,6/14/2022,2022-09-12,USD,45710
LA500300014163,ACCESS BANK NIGERIA PLC,LAA,"-84,660.00","84,660.00",6.57,6/15/2022,2022-09-13,USD,84660
LA500300014161,ACCESS BANK NIGERIA PLC,LAA,"-84,660.00","84,660.00",6.57,6/15/2022,2022-09-13,USD,84660
LA500300014162,ACCESS BANK NIGERIA PLC,LAA,"-84,660.00","84,660.00",6.57,6/15/2022,2022-09-13,USD,84660
LA500300014184,GLOBUS BANK LIMITED WIRE CLEAR,LAA,"-73,022.50","73,022.50",8.51,6/15/2022,2022-09-13,USD,73022.5
LA500300014128,UNITED BANK FOR AFRICA PLC,LAA,"-372,271.50","372,271.50",5.57,5/26/2022,2022-09-14,USD,372271.5
LA500300014100,UNITED BANK FOR AFRICA PLC,LAA,"-130,196.75","130,196.75",5.76,5/18/2022,2022-09-14,USD,130196.75
LA500100000004,BANK OF INDUSTRY LIMITED,LAA,"-27,223,000.00","27,223,000.00",7.74,12/18/2020,2022-09-14,USD,27223000
LA500300014116,UNITED BANK FOR AFRICA PLC,LAA,"-2,666,682.36","2,666,682.36",5.52,5/23/2022,2022-09-14,USD,2666682.36
LA500300014167,GLOBUS BANK LIMITED WIRE CLEAR,LAA,"-111,049.14","111,049.14",7.77,6/17/2022,2022-09-15,USD,111049.14
LA500300013975,GLOBUS BANK LIMITED WIRE CLEAR,LAA,"-127,750.00","127,750.00",8.86,3/30/2022,2022-09-16,USD,127750
LA500300014131,UNITED BANK FOR AFRICA PLC,LAA,"-2,130,520.00","2,130,520.00",5.8,5/27/2022,2022-09-16,USD,2130520
LA500300014125,UNITED BANK FOR AFRICA PLC,LAA,"-2,156,000.00","2,156,000.00",5.81,5/25/2022,2022-09-16,USD,2156000
LA500300014126,UNITED BANK FOR AFRICA PLC,LAA,"-425,563.82","425,563.82",5.81,5/25/2022,2022-09-16,USD,425563.82
LA500300014127,UNITED BANK FOR AFRICA PLC,LAA,"-234,000.00","234,000.00",5.81,5/25/2022,2022-09-16,USD,234000
LA500300013966,GLOBUS BANK LIMITED WIRE CLEAR,LAA,"-672,000.00","672,000.00",8.82,3/28/2022,2022-09-16,USD,672000
LA500300013938,ACCESS BANK NIGERIA PLC,LAA,"-6,323,040.94","6,323,040.94",5.12,3/21/2022,2022-09-16,EUR,
LA500300013943,FIDELITY BANK PLC TRADING ACCO,LAA,"-11,750,000.00","11,750,000.00",5.84,3/22/2022,2022-09-16,USD,11750000
LA500300014168,FBNQUEST MERCHANT BANK LIMITED,LAA,"-254,330.00","254,330.00",7.81,6/21/2022,2022-09-19,USD,254330
LA500300013949,GLOBUS BANK LIMITED WIRE CLEAR,LAA,"-793,702.80","793,702.80",9.67,3/22/2022,2022-09-19,USD,793702.8
LA500300013952,CORONATION MERCHANT BANK,LAA,"-10,054,592.84","10,054,592.84",5.5,3/23/2022,2022-09-19,USD,10054592.84
LA500300013958,FIRST CITY MONUMENT BANK PLC,LAA,"-53,441.09","53,441.09",6.13,3/25/2022,2022-09-20,USD,53441.09
LA500300013959,FIRST CITY MONUMENT BANK PLC,LAA,"-2,849.25","2,849.25",6.13,3/25/2022,2022-09-20,USD,2849.25
LA500300013957,FIRST CITY MONUMENT BANK PLC,LAA,"-278,757.00","278,757.00",6.13,3/25/2022,2022-09-20,USD,278757
LA500300013974,FIRST CITY MONUMENT BANK PLC,LAA,"-500,000.00","500,000.00",6.2,3/29/2022,2022-09-20,USD,500000
LA500300013973,FIRST CITY MONUMENT BANK PLC,LAA,"-158,008.00","158,008.00",6.2,3/29/2022,2022-09-20,USD,158008
LA500300013972,FIRST CITY MONUMENT BANK PLC,LAA,"-291,339.64","291,339.64",6.2,3/29/2022,2022-09-20,USD,291339.64
LA500300013954,STERLING BANK PLC,LAA,"-11,345.44","11,345.44",7.13,3/24/2022,2022-09-20,USD,11345.44
LA500300013953,STERLING BANK PLC,LAA,"-213,043.62","213,043.62",7.13,3/24/2022,2022-09-20,USD,213043.62
LA500300013955,GLOBUS BANK LIMITED WIRE CLEAR,LAA,"-214,720.00","214,720.00",8.78,3/24/2022,2022-09-20,USD,214720
LA500300013922,GLOBUS BANK LIMITED WIRE CLEAR,LAA,"-167,037.95","167,037.95",9.62,3/14/2022,2022-09-21,USD,167037.95
LA500300013962,GLOBUS BANK LIMITED WIRE CLEAR,LAA,"-85,116.06","85,116.06",8.84,3/25/2022,2022-09-21,USD,85116.06
LA500300013964,FBNQUEST MERCHANT BANK LIMITED,LAA,"-597,813.68","597,813.68",8.83,3/28/2022,2022-09-23,USD,597813.68
LA500300014146,UNITED BANK FOR AFRICA PLC,LAA,"-152,851.20","152,851.20",5.6,6/3/2022,2022-09-23,USD,152851.2
LA500300014186,GLOBUS BANK LIMITED WIRE CLEAR,LAA,"-192,773.66","192,773.66",7.98,6/28/2022,2022-09-26,USD,192773.66
LA500100000016,UNITED BANK FOR AFRICA PLC,LAA,"-50,000,000.00","50,000,000.00",4.4,6/28/2022,2022-09-26,USD,50000000
LA500300014187,GLOBUS BANK LIMITED WIRE CLEAR,LAA,"-231,517.00","231,517.00",7.98,6/28/2022,2022-09-26,USD,231517
LA500300014188,FBNQUEST MERCHANT BANK LIMITED,LAA,"-965,748.43","965,748.43",7.73,6/29/2022,2022-09-27,USD,965748.43
LA500300014189,FBNQUEST MERCHANT BANK LIMITED,LAA,"-42,760.00","42,760.00",7.73,6/29/2022,2022-09-27,USD,42760
LA500300013980,NOVA MERCHANT BANK,LAA,"-396,000.00","396,000.00",7.24,3/31/2022,2022-09-27,USD,396000
LA500300014145,UNITED BANK FOR AFRICA PLC,LAA,"-722,304.00","722,304.00",5.85,6/2/2022,2022-09-27,USD,722304
LA500300013986,GLOBUS BANK LIMITED WIRE CLEAR,LAA,"-117,600.00","117,600.00",8.87,4/1/2022,2022-09-28,USD,117600
LA500300014193,GREENWICH MERCHANT BANK LIMITE,LAA,"-9,517.17","9,517.17",8.0,6/30/2022,2022-09-28,USD,9517.17
LA500300013906,UNION BANK,LAA,"-125,460.00","125,460.00",5.01,3/3/2022,2022-09-29,USD,125460
LA500300014138,STERLING BANK PLC,LAA,"-99,450.00","99,450.00",7.83,6/1/2022,2022-09-29,USD,99450
LA500300014137,STERLING BANK PLC,LAA,"-99,450.00","99,450.00",7.83,6/1/2022,2022-09-29,USD,99450
LA500300014063,CORONATION MERCHANT BANK,LAA,"-514,663.00","514,663.00",7.73,5/5/2022,2022-10-03,USD,514663
LA500300014158,UNITED BANK FOR AFRICA PLC,LAA,"-172,650.00","172,650.00",5.79,6/13/2022,2022-10-04,USD,172650
LA500300014014,FIRST CITY MONUMENT BANK PLC,LAA,"-16,409.34","16,409.34",6.3,4/13/2022,2022-10-07,USD,16409.34
LA500300014015,FIRST CITY MONUMENT BANK PLC,LAA,"-12,227.57","12,227.57",6.3,4/13/2022,2022-10-07,USD,12227.57
LA500300014021,FIRST CITY MONUMENT BANK PLC,LAA,"-123,882.00","123,882.00",6.3,4/15/2022,2022-10-10,USD,123882
LA500300014022,FIRST CITY MONUMENT BANK PLC,LAA,"-52,404.50","52,404.50",6.3,4/15/2022,2022-10-10,USD,52404.5
LA500300014024,FIRST CITY MONUMENT BANK PLC,LAA,"-35,000.00","35,000.00",6.3,4/15/2022,2022-10-10,USD,35000
LA500300014023,FIRST CITY MONUMENT BANK PLC,LAA,"-135,429.69","135,429.69",6.3,4/15/2022,2022-10-10,USD,135429.69
LA500300014031,FIRST CITY MONUMENT BANK PLC,LAA,"-3,666.75","3,666.75",6.3,4/19/2022,2022-10-14,USD,3666.75
LA500300014051,FIRST CITY MONUMENT BANK PLC,LAA,"-13,774.17","13,774.17",6.47,4/25/2022,2022-10-17,USD,13774.17
LA500300014039,FIRST CITY MONUMENT BANK PLC,LAA,"-39,140.47","39,140.47",6.35,4/21/2022,2022-10-17,USD,39140.47
LA500300014038,FIRST CITY MONUMENT BANK PLC,LAA,"-30,208.97","30,208.97",6.35,4/21/2022,2022-10-17,USD,30208.97
LA500300013993,GREENWICH MERCHANT BANK LIMITE,LAA,"-455,328.00","455,328.00",7.42,4/5/2022,2022-10-21,USD,455328
LA500300014054,GREENWICH MERCHANT BANK LIMITE,LAA,"-153,000.00","153,000.00",7.07,4/28/2022,2022-10-21,USD,153000
LA500300014132,CORONATION MERCHANT BANK,LAA,"-235,158.67","235,158.67",7.8,5/27/2022,2022-10-24,USD,235158.67
LA500300014191,UNITED BANK FOR AFRICA PLC,LAA,"-483,238.40","483,238.40",6.37,6/30/2022,2022-10-27,USD,483238.4
LA500300014192,UNITED BANK FOR AFRICA PLC,LAA,"-488,710.40","488,710.40",6.37,6/30/2022,2022-10-27,USD,488710.4
LA500300014056,STERLING BANK PLC,LAA,"-46,310.47","46,310.47",7.84,5/2/2022,2022-10-28,USD,46310.47
LA500300014141,CORONATION MERCHANT BANK,LAA,"-156,125.70","156,125.70",7.85,6/2/2022,2022-10-31,USD,156125.7
LA500300014060,STERLING BANK PLC,LAA,"-56,693.94","56,693.94",7.91,5/4/2022,2022-10-31,USD,56693.94
LA500300014105,CORONATION MERCHANT BANK,LAA,"-93,029.00","93,029.00",6.75,5/19/2022,2022-11-15,USD,93029
LA500300014103,CORONATION MERCHANT BANK,LAA,"-127,975.00","127,975.00",6.75,5/19/2022,2022-11-15,USD,127975
LA500300014102,CORONATION MERCHANT BANK,LAA,"-37,617.00","37,617.00",6.75,5/19/2022,2022-11-15,USD,37617
LA500300014104,CORONATION MERCHANT BANK,LAA,"-461,977.84","461,977.84",6.75,5/19/2022,2022-11-15,USD,461977.84
LA500300014112,CORONATION MERCHANT BANK,LAA,"-1,000,000.00","1,000,000.00",6.78,5/20/2022,2022-11-16,USD,1000000
LA500300014122,STERLING BANK PLC,LAA,"-261,040.00","261,040.00",7.81,5/24/2022,2022-11-18,USD,261040
LA500300014121,STERLING BANK PLC,LAA,"-115,360.00","115,360.00",7.81,5/24/2022,2022-11-18,USD,115360
LA500300014120,STERLING BANK PLC,LAA,"-152,412.32","152,412.32",7.81,5/24/2022,2022-11-18,USD,152412.32
LA500300014119,STERLING BANK PLC,LAA,"-693,715.00","693,715.00",7.81,5/24/2022,2022-11-18,USD,693715
LA500300014169,CORONATION MERCHANT BANK,LAA,"-236,241.02","236,241.02",8.53,6/22/2022,2022-11-21,USD,236241.02
LA500300014118,NOVA MERCHANT BANK,LAA,"-1,078,000.00","1,078,000.00",8.48,5/24/2022,2022-11-21,USD,1078000
LA500300014117,NOVA MERCHANT BANK,LAA,"-2,875,981.06","2,875,981.06",8.48,5/24/2022,2022-11-21,USD,2875981.06
LA500300014124,STERLING BANK PLC,LAA,"-94,880.00","94,880.00",7.81,5/25/2022,2022-11-21,USD,94880
LA500300014142,FIRST CITY MONUMENT BANK PLC,LAA,"-518,841.48","518,841.48",6.85,6/2/2022,2022-11-22,USD,518841.48
LA500300014130,STERLING BANK PLC,LAA,"-2,000,000.00","2,000,000.00",7.8,5/27/2022,2022-11-23,USD,2000000
LA500100000014,STERLING BANK PLC,LAA,"-2,480,000.00","2,480,000.00",7.82,5/31/2022,2022-11-25,USD,2480000
LA500300014135,FIRST CITY MONUMENT BANK PLC,LAA,"-1,040,000.00","1,040,000.00",6.82,5/31/2022,2022-11-25,USD,1040000
LA500300014139,FIRST CITY MONUMENT BANK PLC,LAA,"-81,750.00","81,750.00",6.83,6/1/2022,2022-11-28,USD,81750
LA500300014155,STERLING BANK PLC,LAA,"-237,623.54","237,623.54",7.93,6/8/2022,2022-12-05,USD,237623.54
LA500300014153,STERLING BANK PLC,LAA,"-97,412.28","97,412.28",7.93,6/8/2022,2022-12-05,USD,97412.28
LA500300014157,STERLING BANK PLC,LAA,"-391,202.25","391,202.25",7.98,6/9/2022,2022-12-06,USD,391202.25
LA500300014156,FIRST CITY MONUMENT BANK PLC,LAA,"-2,840,000.00","2,840,000.00",6.98,6/9/2022,2022-12-06,USD,2840000
LA500300014160,STERLING BANK PLC,LAA,"-148,024.21","148,024.21",8.26,6/15/2022,2022-12-12,USD,148024.21
LA500300014164,FIRST CITY MONUMENT BANK PLC,LAA,"-434,059.86","434,059.86",7.49,6/17/2022,2022-12-13,USD,434059.86
LA500300014165,FIRST CITY MONUMENT BANK PLC,LAA,"-44,404.00","44,404.00",7.49,6/17/2022,2022-12-13,USD,44404
LA500300014166,NOVA MERCHANT BANK,LAA,"-326,119.55","326,119.55",8.49,6/17/2022,2022-12-14,USD,326119.55
LA500300014173,FIRST CITY MONUMENT BANK PLC,LAA,"-345,479.01","345,479.01",7.59,6/23/2022,2022-12-19,USD,345479.01
LA500300014171,FIRST CITY MONUMENT BANK PLC,LAA,"-72,330.00","72,330.00",7.59,6/23/2022,2022-12-19,USD,72330
LA500300014190,CORONATION MERCHANT BANK,LAA,"-410,160.00","410,160.00",9.32,6/29/2022,2022-12-27,USD,410160
LA500300009396,SHELL PETROLEUM DEV. CO. LTD.,LAA,"-615,011.84","615,011.84",10.44,7/26/2018,2024-06-23,USD,615011.84
LA500300010377,SHELL PETROLEUM DEV. CO. LTD.,LAA,"-487,948.08","487,948.08",8.21,6/28/2019,2024-06-23,USD,487948.08
LA500300009003,CHEVRON NIGERIA LIMITED (CNL),LAA,"-1,634,373.90","1,634,373.90",9.36,10/20/2017,2024-09-16,USD,1634373.9
LA500300008967,CHEVRON NIGERIA LIMITED (CNL),LAA,"-3,900,795.52","3,900,795.52",9.31,9/15/2017,2024-09-16,USD,3900795.52
LA500300009064,CHEVRON NIGERIA LIMITED (CNL),LAA,"-440,133.16","440,133.16",9.48,12/4/2017,2024-09-16,USD,440133.16
LA500300009184,SHELL PETROLEUM DEV. CO. LTD.,LAA,"-1,310,950.28","1,310,950.28",10.05,2/15/2018,2024-12-17,USD,1310950.28
LA500300008955,SHELL PETROLEUM DEV. CO. LTD.,LAA,"-1,056,961.29","1,056,961.29",9.47,9/22/2017,2024-12-17,USD,1056961.29
LA500300009873,SHELL PETROLEUM DEV. CO. LTD.,LAA,"-887,517.98","887,517.98",8.87,2/11/2019,2024-12-17,USD,887517.98
