,ACCOUNT_NO.,ACCOUNT_NAME,SCHEME_TYPE,CLS_BALANCE,INT_RATE,ACCT_OPEN_DATE  OPEN_EFFECTIVE_DATE,MATURITY_DATE,CRNCY,AMOUNT
213,LA500300012694,SUNTRUST BANK NIGERIA LIMITED,LAA,"-2,558,514.22",5.92,3/11/2021,2021-09-07,USD,
215,LA500300013030,SUNTRUST BANK NIGERIA LIMITED,LAA,"-58,810.39",5.87,5/17/2021,2021-09-23,USD,
222,LA500300013225,SUNTRUST BANK NIGERIA LIMITED,LAA,"-67,979.14",5.91,7/9/2021,2021-10-08,USD,
212,LA500300012618,SUNTRUST BANK NIGERIA LIMITED,LAA,"-176,206.59",5.93,2/26/2021,2021-10-22,USD,
227,LA500300013350,SUNTRUST BANK NIGERIA LIMITED,LAA,"-38,023.75",5.85,8/23/2021,2021-10-22,USD,
221,LA500300013182,SUNTRUST BANK NIGERIA LIMITED,LAA,"-81,576.88",5.89,6/25/2021,2021-10-26,USD,
217,LA500300013139,SUNTRUST BANK NIGERIA LIMITED,LAA,"-38,328.71",5.91,6/9/2021,2021-11-01,USD,
220,LA500300013152,SUNTRUST BANK NIGERIA LIMITED,LAA,"-37,002.59",5.9,6/15/2021,2021-11-01,USD,
219,LA500300013151,SUNTRUST BANK NIGERIA LIMITED,LAA,"-16,272.75",5.9,6/15/2021,2021-11-01,USD,
224,LA500300013259,SUNTRUST BANK NIGERIA LIMITED,LAA,"-54,347.35",5.87,7/15/2021,2021-11-01,USD,
223,LA500300013258,SUNTRUST BANK NIGERIA LIMITED,LAA,"-54,347.35",5.87,7/15/2021,2021-11-01,USD,
216,LA500300013036,SUNTRUST BANK NIGERIA LIMITED,LAA,"-187,580.25",6.43,5/19/2021,2021-11-01,USD,
214,LA500300012989,SUNTRUST BANK NIGERIA LIMITED,LAA,"-157,193.66",5.95,5/7/2021,2021-11-01,USD,
225,LA500300013271,SUNTRUST BANK NIGERIA LIMITED,LAA,"-96,809.78",5.88,7/20/2021,2021-11-01,USD,
226,LA500300013312,SUNTRUST BANK NIGERIA LIMITED,LAA,"-70,528.89",5.87,8/5/2021,2021-11-03,USD,
229,LA500300013510,SUNTRUST BANK NIGERIA LIMITED,LAA,"-19,314.22",5.87,9/17/2021,2021-12-03,USD,
230,LA500300013550,SUNTRUST BANK NIGERIA LIMITED,LAA,"-36,180.00",5.9,9/30/2021,2021-12-10,USD,
233,LA500300013581,SUNTRUST BANK NIGERIA LIMITED,LAA,"-12,497.77",5.87,10/12/2021,2021-12-22,USD,
234,LA500300013582,SUNTRUST BANK NIGERIA LIMITED,LAA,"-55,894.05",5.87,10/12/2021,2021-12-22,USD,
218,LA500300013149,SUNTRUST BANK NIGERIA LIMITED,LAA,"-46,163.25",5.86,6/14/2021,2021-12-22,USD,
232,LA500300013578,SUNTRUST BANK NIGERIA LIMITED,LAA,"-41,985.00",5.9,10/8/2021,2022-01-07,USD,
231,LA500300013577,SUNTRUST BANK NIGERIA LIMITED,LAA,"-57,150.00",5.9,10/8/2021,2022-01-07,USD,
228,LA500300013466,HERITAGE BANK PLC INTEREST AND,LAA,"-340,412.00",6.36,9/3/2021,2022-03-02,USD,
281,LA500300013874,SUNTRUST BANK NIGERIA LIMITED,LAA,"-10,780.00",6.14,2/14/2022,2022-05-13,USD,
238,LA500300013674,SUNTRUST BANK NIGERIA LIMITED,LAA,"-71,355.00",6.04,12/15/2021,2022-05-13,USD,
434,LA500300014078,WEMA BANK PLC.,LAA,"-166,377.75",6.6,5/13/2022,2022-05-27,USD,
293,LA500300013903,SUNTRUST BANK NIGERIA LIMITED,LAA,"-10,500.00",6.55,2/28/2022,2022-06-09,USD,
240,LA500300013680,NOVA MERCHANT BANK,LAA,"-166,338.00",6.04,12/16/2021,2022-06-14,USD,
239,LA500300013679,NOVA MERCHANT BANK,LAA,"-133,500.00",6.04,12/16/2021,2022-06-14,USD,
242,LA500300013688,FIRST CITY MONUMENT BANK PLC,LAA,"-30,000.00",5.05,12/17/2021,2022-06-15,USD,
241,LA500300013686,FIRST CITY MONUMENT BANK PLC,LAA,"-149,020.00",5.05,12/17/2021,2022-06-15,USD,
271,LA500300013786,HERITAGE BANK PLC INTEREST AND,LAA,"-801,932.52",5.75,1/31/2022,2022-06-17,EUR,
236,LA500300013648,GREENWICH MERCHANT BANK LIMITE,LAA,"-7,525.77",5.81,11/24/2021,2022-06-24,GBP,
274,LA500300013794,WEMA BANK PLC.,LAA,"-134,941.76",6.27,2/3/2022,2022-06-29,USD,
273,LA500300013793,SUNTRUST BANK NIGERIA LIMITED,LAA,"-93,107.00",6.28,2/1/2022,2022-07-01,USD,
243,LA500300013695,NOVA MERCHANT BANK,LAA,"-58,910.00",6.08,1/4/2022,2022-07-01,USD,
248,LA500300013706,FIRST CITY MONUMENT BANK PLC,LAA,"-61,340.00",5.09,1/6/2022,2022-07-05,USD,
249,LA500300013707,FIRST CITY MONUMENT BANK PLC,LAA,"-234,775.00",5.09,1/6/2022,2022-07-05,USD,
250,LA500300013708,FIRST CITY MONUMENT BANK PLC,LAA,"-228,074.46",5.09,1/6/2022,2022-07-05,USD,
253,LA500300013711,FIRST CITY MONUMENT BANK PLC,LAA,"-136,450.00",5.09,1/6/2022,2022-07-05,USD,
247,LA500300013705,NOVA MERCHANT BANK,LAA,"-159,846.00",6.09,1/6/2022,2022-07-05,USD,
251,LA500300013709,FIRST CITY MONUMENT BANK PLC,LAA,"-61,304.00",5.09,1/6/2022,2022-07-05,USD,
245,LA500300013703,NOVA MERCHANT BANK,LAA,"-403,891.20",6.09,1/6/2022,2022-07-05,USD,
252,LA500300013710,FIRST CITY MONUMENT BANK PLC,LAA,"-226,166.45",5.09,1/6/2022,2022-07-05,USD,
246,LA500300013704,NOVA MERCHANT BANK,LAA,"-515,818.30",6.09,1/6/2022,2022-07-05,USD,
257,LA500300013718,FIRST CITY MONUMENT BANK PLC,LAA,"-132,600.00",5.09,1/7/2022,2022-07-06,USD,
256,LA500300013717,FIRST CITY MONUMENT BANK PLC,LAA,"-78,427.66",5.09,1/7/2022,2022-07-06,USD,
255,LA500300013713,FIRST CITY MONUMENT BANK PLC,LAA,"-133,282.63",5.09,1/7/2022,2022-07-06,USD,
278,LA500300013822,FIRST CITY MONUMENT BANK PLC,LAA,"-1,000,000.00",5.09,1/7/2022,2022-07-06,USD,
266,LA500300013781,NOVA MERCHANT BANK,LAA,"-54,062.00",4.71,1/28/2022,2022-07-08,USD,
258,LA500300013737,GLOBUS BANK LIMITED WIRE CLEAR,LAA,"-507,541.10",4.49,1/13/2022,2022-07-12,USD,
296,LA500300013907,GREENWICH MERCHANT BANK LIMITE,LAA,"-3,595.02",5.85,3/3/2022,2022-07-12,GBP,
235,LA500300013646,GLOBUS BANK LIMITED WIRE CLEAR,LAA,"-102,344.00",8.91,11/24/2021,2022-07-15,USD,
313,LA500300013939,UNITED BANK FOR AFRICA PLC,LAA,"-10,258,875.00",4.77,3/21/2022,2022-07-15,USD,
259,LA500300013748,FIDELITY BANK PLC TRADING ACCO,LAA,"-10,616,425.25",5.39,1/18/2022,2022-07-15,USD,
315,LA500300013941,UNITED BANK FOR AFRICA PLC,LAA,"-128,700.00",4.77,3/21/2022,2022-07-15,USD,
316,LA500300013942,UNITED BANK FOR AFRICA PLC,LAA,"-83,695.00",4.77,3/21/2022,2022-07-15,USD,
389,LA500300014032,STERLING BANK PLC,LAA,"-97,520.05",6.81,4/19/2022,2022-07-15,USD,
390,LA500300014033,STERLING BANK PLC,LAA,"-68,705.13",6.81,4/19/2022,2022-07-15,USD,
314,LA500300013940,UNITED BANK FOR AFRICA PLC,LAA,"-116,229.86",4.77,3/21/2022,2022-07-15,USD,
568,PAL50015320017,LC WIRE TRF FEE NIG BK - USD,OAB,"9,275.00",0,7/1/2008,2022-07-16,USD,
610,PAL50016700002,10-DEPRECIATION FURNITURE BANK,OAB,"-55,054.63",0,7/1/2008,2022-07-16,USD,
609,PAL50016700001,100-DEPREC PC S/W & LAN SOFTWA,OAB,"-15,088.13",0,7/1/2008,2022-07-16,USD,
608,PAL50016410010,COURIER CHARGES,OAB,"-23,371.68",0,7/1/2008,2022-07-16,USD,
607,PAL50016410009,TELEPHONE EXPENSES,OAB,"-29,010.52",0,7/1/2008,2022-07-16,USD,
606,PAL50016410008,T1 COMMUNICATIONS INTERNET SER,OAB,"-18,504.18",0,7/1/2008,2022-07-16,USD,
605,PAL50016410007,SWIFT COMMUNICATIONS EXPENSE,OAB,"-42,328.69",0,7/1/2008,2022-07-16,USD,
604,PAL50016410001,COMMUNICATION,OAB,"-125,671.68",0,7/1/2008,2022-07-16,USD,
603,PAL50016310004,TRAVEL EXPENSE OVERSEAS,OAB,"-8,260.08",0,7/1/2008,2022-07-16,USD,
602,PAL50016310003,TRAVEL EXPENSE WITHIN THE USA,OAB,"-119,948.62",0,7/1/2008,2022-07-16,USD,
601,PAL50016300006,175-AMORTZLSEHOLD IMPROV 1 ROC,OAB,"-12,021.93",0,7/1/2008,2022-07-16,USD,
600,PAL50016300005,RENT EXPENSE,OAB,"-674,370.40",0,7/1/2008,2022-07-16,USD,
599,PAL50016300001,INSURANCE (NON-EMPLOYEE),OAB,"-78,258.33",0,7/1/2008,2022-07-16,USD,
598,PAL50016200084,JOB ADVERTISING COST,OAB,"-16,099.80",0,7/1/2008,2022-07-16,USD,
597,PAL50016200027,METROPOLITAN COMMUTER TAX (MCT,OAB,"-12,502.79",0,10/14/2009,2022-07-16,USD,
596,PAL50016200026,EMPLOYMENT AGENCY FEES,OAB,"-53,003.00",0,7/1/2008,2022-07-16,USD,
595,PAL50016200024,WORKERS'COMPENSATION,OAB,-259.76,0,7/1/2008,2022-07-16,USD,
594,PAL50016200019,TEMPORARY HELP - EMP AGENCY,OAB,"-43,393.80",0,7/1/2008,2022-07-16,USD,
593,PAL50016200018,STAFF MEDICAL INS NY,OAB,"-642,103.62",0,7/1/2008,2022-07-16,USD,
592,PAL50016200016,STAFF EDUCATION TRAINING,OAB,"-109,524.00",0,7/1/2008,2022-07-16,USD,
611,PAL50016700004,130-DEPREC PERSONAL COMPUTERS,OAB,"-12,154.29",0,7/1/2008,2022-07-16,USD,
591,PAL50016200015,REFERENCE/CREDIT CHECK,OAB,-147.74,0,7/1/2008,2022-07-16,USD,
612,PAL50016700005,140-DEPREC TELEPHONE SYSTEMS,OAB,"-35,688.39",0,7/1/2008,2022-07-16,USD,
614,PAL50016700009,30-DEPRECIATION COMPUTER HARDW,OAB,"-26,550.51",0,7/1/2008,2022-07-16,USD,
633,PAL50016950003,BUSINESS PROMOTIONS EXPENSE,OAB,"-6,193.76",0,7/1/2008,2022-07-16,USD,
632,PAL50016900206,COMMERCIAL REAL ESTATE TAX,OAB,"-22,972.27",0,7/1/2008,2022-07-16,USD,
631,PAL50016810013,ANNUAL SUBSC.NETWORK SOFTWARE,OAB,"-124,978.87",0,7/1/2008,2022-07-16,USD,
630,PAL50016810009,"PREMISES REPAIR+MAIN,CLEANING",OAB,"-54,835.69",0,7/1/2008,2022-07-16,USD,
629,PAL50016810007,MAINTENANCE CONTRACT-IBM OS/40,OAB,"-106,747.03",0,7/1/2008,2022-07-16,USD,
628,PAL50016810002,MAINT.VOICE RECORDING SYSTEM,OAB,-538.15,0,7/1/2008,2022-07-16,USD,
627,PAL50016800086,OPER.EXP-BKG PREMISE,OAB,"-1,396.13",0,7/1/2008,2022-07-16,USD,
626,PAL50016800024,BUSINESS DEVELOPMENT EXPENSES,OAB,"-255,000.00",0,1/4/2022,2022-07-16,USD,
625,PAL50016800020,COMPUTER SUPPLIES EXPENSES,OAB,"-7,643.21",0,7/1/2008,2022-07-16,USD,
624,PAL50016800013,STORAGE SPACE RENTAL EXPENSE,OAB,"-37,776.62",0,7/1/2008,2022-07-16,USD,
623,PAL50016800012,"STATIONERY, SUPPLIES AND PRINT",OAB,"-14,403.45",0,7/1/2008,2022-07-16,USD,
622,PAL50016800010,OTHER OPERATING EXPENSES,OAB,"-33,319.61",0,7/1/2008,2022-07-16,USD,
621,PAL50016800008,MEMBERSHIPS DUES,OAB,"-12,336.94",0,7/1/2008,2022-07-16,USD,
620,PAL50016800007,LEASED SOFTWARE CHARGES,OAB,"-17,750.64",0,7/1/2008,2022-07-16,USD,
619,PAL50016800004,DISASTR RECOVRY SITE,OAB,"-306,141.95",0,7/1/2008,2022-07-16,USD,
618,PAL50016800001,"WATER, ELECTRICITY, GAS ETC. B",OAB,"-21,822.00",0,7/1/2008,2022-07-16,USD,
617,PAL50016700029,100A-DEPREC ACTIMIZE,OAB,"-186,993.47",0,10/8/2020,2022-07-16,USD,
616,PAL50016700027,89-DEPRECIATION CLOUD SERVER,OAB,"-165,387.79",0,7/14/2017,2022-07-16,USD,
615,PAL50016700010,40-DEPRECIATION AS/400 COMPUTE,OAB,"-1,512.62",0,7/1/2008,2022-07-16,USD,
613,PAL50016700008,20-DEPRECIATION BANK EQUIPMENT,OAB,"-1,470.80",0,7/1/2008,2022-07-16,USD,
590,PAL50016200014,PAYROLL TAXES,OAB,"-174,085.99",0,7/1/2008,2022-07-16,USD,
589,PAL50016200013,PAYROLL CHARGES,OAB,"-48,269.37",0,7/1/2008,2022-07-16,USD,
588,PAL50016200012,OVERTIME EXPENSES,OAB,"-7,156.69",0,7/1/2008,2022-07-16,USD,
551,PAL50015310001,COMMISSION ON BANKERS ACCEPTAN,OAB,"100,469.32",0,7/1/2008,2022-07-16,USD,
552,PAL50015310002,CONFIRMATION FEE ITF HEAD OFFI,OAB,"65,508.07",0,7/1/2008,2022-07-16,USD,
553,PAL50015310003,LC ADVISING COMMISSION HEAD OF,OAB,"28,700.00",0,7/1/2008,2022-07-16,USD,
554,PAL50015310007,LC AMENDMENT COMM HO,OAB,"15,360.00",0,7/1/2008,2022-07-16,USD,
634,PAL50016960003,COMPLIANCE SERVICES,OAB,"-386,762.89",0,7/1/2008,2022-07-16,USD,
555,PAL50015310010,LC CONFIRM COMM H/O,OAB,"110,880.22",0,7/1/2008,2022-07-16,USD,
556,PAL50015310012,LC DISCREPANCY COMHO,OAB,"5,400.00",0,7/1/2008,2022-07-16,USD,
557,PAL50015310013,LC NEGOTIATION COMHO,OAB,"76,686.59",0,7/1/2008,2022-07-16,USD,
558,PAL50015310014,LC POSTAGE & TLX H/O,OAB,"48,820.00",0,7/1/2008,2022-07-16,USD,
559,PAL50015310016,LC WIRE TRANSFER FEE HEAD OFFI,OAB,"8,225.00",0,7/1/2008,2022-07-16,USD,
560,PAL50015310018,SLA FEE INCOME ON NY FROM GCI,OAB,"1,904,603.02",0,7/1/2008,2022-07-16,USD,
561,PAL50015310047,LC AMENDMENT COMM. HO - EUR,OAB,754.19,0,3/28/2018,2022-07-16,EUR,
562,PAL50015320004,CONFIRMATION FEE CLEAN LINE NI,OAB,"306,958.38",0,7/1/2008,2022-07-16,USD,
575,PAL50015700001,GAIN/LOSS FIX ASSETS,OAB,35,0,7/1/2008,2022-07-16,USD,
563,PAL50015320007,LC AMENDMENT COMM NB,OAB,"17,870.00",0,7/1/2008,2022-07-16,USD,
564,PAL50015320009,LC CONFIRM COMM NNY,OAB,"283,545.89",0,7/1/2008,2022-07-16,USD,
565,PAL50015320011,LC DISCREPANCY NIGBK,OAB,"10,875.00",0,7/1/2008,2022-07-16,USD,
566,PAL50015320013,LC NEOGTIAITON COMNB,OAB,"154,612.11",0,7/1/2008,2022-07-16,USD,
567,PAL50015320015,LC POSTAGE & TLX NB,OAB,"65,805.00",0,7/1/2008,2022-07-16,USD,
550,PAL50015142001,INTEREST INCOME SYN AND PARTIC,OAB,"1,396,474.03",0,8/27/2020,2022-07-16,USD,
549,PAL50015110062,II CD PURCHASED (CED),OAB,"105,138.89",0,7/1/2008,2022-07-16,USD,
548,PAL50015110042,INTEREST INCOME- TERM PLACEMEN,OAB,"459,375.00",0,7/1/2008,2022-07-16,USD,
547,PAL50015110015,I/I LOANS TO BKS IN FGN COUNTR,OAB,"79,078.50",0,7/1/2008,2022-07-16,USD,
587,PAL50016200011,OTHER STAFF EXPENSES - LOCAL,OAB,"-8,433.50",0,7/1/2008,2022-07-16,USD,
573,PAL50015320048,OTHER FEES GBP,OAB,"39,247.51",0,9/14/2017,2022-07-16,GBP,
585,PAL50016200009,EMPLOYEE SEVERANCE PAY ACCRUED,OAB,"-200,156.46",0,7/1/2008,2022-07-16,USD,
584,PAL50016200006,CONSULTANT SERVICES,OAB,"-52,962.50",0,7/1/2008,2022-07-16,USD,
583,PAL50016200004,BONUS ACCRUED,OAB,"-225,000.00",0,7/1/2008,2022-07-16,USD,
582,PAL50016200002,BASIC SALARY LOCAL STAFF,OAB,"-4,150,581.67",0,7/1/2008,2022-07-16,USD,
581,PAL50016200001,401 K EMPLOYER CONTRIBUTION,OAB,"-46,679.75",0,7/1/2008,2022-07-16,USD,
580,PAL50016131505,I/E O/N SWEEPS - NY,OAB,"-17,213.48",0,7/1/2008,2022-07-16,USD,
579,PAL50016110012,I E - O/N BORROWING HO & SUBSD,OAB,"4,007,115.00",0,7/1/2008,2022-07-16,USD,
574,PAL50015340001,UPFRONT FACILITY FEE,OAB,"82,992.10",0,8/28/2020,2022-07-16,USD,
578,PAL50015800010,REALIZED GAIN/LOSS ON FX TRANS,OAB,"-16,165.63",0,7/1/2008,2022-07-16,USD,
576,PAL50015700004,WIRE TRANSFER FEES,OAB,"337,706.41",0,6/20/2011,2022-07-16,USD,
572,PAL50015320047,OTHER FEES EUR,OAB,"3,522.67",0,9/14/2017,2022-07-16,EUR,
571,PAL50015320022,WIRE FEES UBA CUST (IN/OUT),OAB,389.51,0,7/1/2008,2022-07-16,USD,
570,PAL50015320019,REIMB FEE OTHERS,OAB,600,0,7/1/2008,2022-07-16,USD,
569,PAL50015320018,LC ADVISING COMMISSION NIGERIA,OAB,"28,520.00",0,7/1/2008,2022-07-16,USD,
786,XOF50011216001,NOSTRO-UBA SENEGAL,OAB,"-1,817,442,498.00",0,2/15/2019,2022-07-16,XOF,
544,PAL50015101001,I/I-O/D UBA H.O.,OAB,"2,076,008.24",0,7/1/2008,2022-07-16,USD,
545,PAL50015101002,I/I-O/D UBA H.O.,OAB,0.01,0,7/2/2008,2022-07-16,GBP,
546,PAL50015110001,II FRB,OAB,"788,182.58",0,7/1/2008,2022-07-16,USD,
577,PAL50015800001,REALIZED GAIN/LOSS FX,OAB,"101,909.99",0,7/1/2008,2022-07-16,USD,
586,PAL50016200010,FOOD STAFF EXPENSES,OAB,"-18,759.56",0,7/1/2008,2022-07-16,USD,
1,5.001E+13,FBNQUEST MERCHANT BANK LIMITED,ODA,"20,631.18",0,2/14/2019,2022-07-16,USD,
637,PAL50016960008,O.C.C. ASSESMENT FEES,OAB,"-50,171.88",0,7/1/2008,2022-07-16,USD,
733,USD50012800501,HO ADDITIONAL CAPITAL,OAB,"23,575,077.88",0,7/1/2008,2022-07-16,USD,
734,USD50012800502,CAP EQUIV DEP FUND HO,OAB,"9,100,000.00",0,7/1/2008,2022-07-16,USD,
735,USD50012800503,HO CAPITAL FUNDS,OAB,"3,000,000.00",0,7/1/2008,2022-07-16,USD,
736,USD50012920001,BANKS LIABILITY FOR DEFERRED P,OAB,"171,000.00",0,7/1/2008,2022-07-16,USD,
737,USD50013700021,RETAINED EARNINGS FYE SEP/30/2,OAB,"-112,307,071.72",0,7/1/2008,2022-07-16,USD,
738,USD50017002001,FX FWD CONTINGENT (INTER-BANK,OAB,"8,061,111.35",0,7/1/2008,2022-07-16,USD,
739,USD50017002003,FX FWD CONTINGENT (INTER-BANK,OAB,"-8,061,019.63",0,7/1/2008,2022-07-16,USD,
740,USD50017002009,FX SPOT CONTINGENT (INTER-BANK,OAB,"24,778.91",0,7/1/2008,2022-07-16,USD,
741,USD50017017025,Customer Liability for Standby,OAB,"-1,172,581.25",0,7/1/2008,2022-07-16,USD,
742,USD50017020001,Customer Liability for Export,OAB,"-34,227,433.29",0,7/1/2008,2022-07-16,USD,
743,USD50017020051,Customer Liability for Export,OAB,"-6,787,325.22",0,7/1/2008,2022-07-16,USD,
744,USD50017020102,CUSTOMER LIABILITY FOR EXPORT,OAB,"-602,730.00",0,7/7/2021,2022-07-16,USD,
745,USD50017020151,CUSTOMER LIABILITY FOR EXPORT,OAB,"-37,575,056.93",0,7/1/2008,2022-07-16,USD,
746,USD50018002003,FX SPOT CONTINGENT CONTRA A/C,OAB,"-24,870.63",0,7/1/2008,2022-07-16,USD,
747,USD50018017001,Standby LC Issued Clean Line U,OAB,"1,172,581.25",0,7/1/2008,2022-07-16,USD,
732,USD50012527002,INTER-DEPTL TRANSFER,OAB,"-5,224.62",0,7/1/2008,2022-07-16,USD,
748,USD50018020001,EXPORT LCS -CONFRM.-BANK'S LIA,OAB,"79,192,545.44",0,7/1/2008,2022-07-16,USD,
731,USD50012519002,AIR OD,OAB,"-209,388.85",0,7/1/2008,2022-07-16,USD,
729,USD50012517001,UNEARNED FEE INC.CORP,OAB,"152,007.90",0,8/28/2020,2022-07-16,USD,
714,USD50012508007,A/P - BONUS PAYABLE TO STAFF,OAB,"225,000.00",0,7/1/2008,2022-07-16,USD,
715,USD50012508019,DEFERRED RENT EXPENSE ROCKEFEL,OAB,"94,057.90",0,7/1/2008,2022-07-16,USD,
716,USD50012508020,A/P EMPLOYEE EXPENSES,OAB,"110,000.00",0,7/1/2008,2022-07-16,USD,
717,USD50012508022,A/P LEGAL FEES,OAB,"98,153.60",0,7/1/2008,2022-07-16,USD,
718,USD50012508028,A/P 401K EMPLOYEE PAYABLE,OAB,"102,575.84",0,7/1/2008,2022-07-16,USD,
719,USD50012508052,A/P ACCOUNTS PAYABLE,OAB,"157,327.54",0,7/1/2008,2022-07-16,USD,
720,USD50012508059,A/P INT.CONTROL AUDIT FEES,OAB,"80,722.36",0,2/10/2020,2022-07-16,USD,
721,USD50012508060,A/P HCM,OAB,"280,187.03",0,2/10/2020,2022-07-16,USD,
722,USD50012508062,A/P IT,OAB,"258,310.91",0,2/10/2020,2022-07-16,USD,
723,USD50012508063,A/P FINANCE,OAB,"19,610.59",0,2/10/2020,2022-07-16,USD,
724,USD50012508068,A/P RISK MANAGEMENT,OAB,"35,000.00",0,2/10/2020,2022-07-16,USD,
725,USD50012508069,A/P BIZ DEVELOPMENT,OAB,"255,000.00",0,2/10/2020,2022-07-16,USD,
726,USD50012508072,A/P TRAVEL,OAB,"20,000.00",0,2/10/2020,2022-07-16,USD,
727,USD50012508080,A/P 401K EMPLOYEE LOAN REPMT,OAB,"34,372.25",0,7/1/2008,2022-07-16,USD,
728,USD50012509003,PAYROLL+MED.EXP.ACCRUAL,OAB,"476,715.94",0,7/31/2008,2022-07-16,USD,
730,USD50012518501,AIP SWEEPS,OAB,"37,085.48",0,7/1/2008,2022-07-16,USD,
713,USD50012508005,A/P GENERAL (USD),OAB,"1,151.16",0,7/1/2008,2022-07-16,USD,
749,USD50019017001,Unconfirmed Export L/C - Memo,OAB,"-152,190,538.09",0,7/1/2008,2022-07-16,USD,
751,USD50021931101,INTERSOL ACCOUNT,OAB,"84,548.22",0,7/1/2008,2022-07-16,USD,
771,USD50032311501,M M BORROWINGS FRM BANK IN OTH,OAB,"6,988,530.00",0,7/1/2008,2022-07-16,USD,
772,USD50032315002,IB - FGVI (COMMERCIAL BORR. FO,OAB,"99,968,000.00",0,7/9/2008,2022-07-16,USD,
773,USD50032517283,UN-EARNED DISCOUNT ON BNK ACCE,OAB,"49,834.43",0,7/1/2008,2022-07-16,USD,
774,USD50032518501,AIP SWEEPS,OAB,"9,095.53",0,7/1/2008,2022-07-16,USD,
775,USD50032519019,AIP TERM BORROWING FRM GOVT. &,OAB,"103,733.58",0,7/23/2008,2022-07-16,USD,
776,USD50032519031,AIP-TERM LENDING TO BANKS IN N,OAB,"3,142.79",0,7/1/2008,2022-07-16,USD,
777,USD50032524501,GEN ALLOW FOR LOAN LOSS,OAB,"65,000.00",0,7/1/2008,2022-07-16,USD,
778,USD50032528001,ACCR.EXPENSE-SLA GCI/NYB,OAB,"1,611,592.30",0,7/1/2008,2022-07-16,USD,
779,USD50032800501,ADDITIONAL CAPITAL,OAB,"61,106,570.44",0,7/1/2008,2022-07-16,USD,
780,USD50032800502,CAPITAL FUNDS,OAB,"250,000.00",0,7/1/2008,2022-07-16,USD,
781,USD50033400201,MARK TO MARKET ENTRIES,OAB,"-25,167,815.08",0,12/1/2021,2022-07-16,USD,
782,USD50033700021,RETAINED EARNINGS FYE SEP/30/2,OAB,"290,175,391.78",0,7/1/2008,2022-07-16,USD,
783,XAF50011216001,NOSTRO-UBA CAMERON,OAB,"-145,002.00",0,2/15/2019,2022-07-16,XAF,
784,XAF50011911101,FT POSITION ACCOUNTS,OAB,"145,001.00",0,2/15/2019,2022-07-16,XAF,
785,XAF50011911118,SPOT POSITION XAF,OAB,1,0,10/20/2020,2022-07-16,XAF,
770,USD50031931104,INTERBRCH SETTL  GCI,OAB,"-27,467,400.24",0,7/1/2008,2022-07-16,USD,
750,USD50019057001,Unconfirmed Export L/C - Memo,OAB,"152,190,538.09",0,7/1/2008,2022-07-16,USD,
769,USD50031931101,INTERSOL ACCOUNT,OAB,"399,022,620.57",0,7/1/2008,2022-07-16,USD,
767,USD50031911104,SPOT POSITION USD/EUR,OAB,"30,216.34",0,7/1/2008,2022-07-16,USD,
752,USD50021931114,INTER BRANCH SETTLEMENT - IBF,OAB,"-97,820,871.22",0,4/29/2014,2022-07-16,USD,
753,USD50023700021,RETAINED EARNINGS FYE SEP/30/2,OAB,"97,736,323.00",0,7/1/2008,2022-07-16,USD,
754,USD50031272002,M M LENDING - HEAD OFFICE AND,OAB,"-522,700,000.00",0,7/1/2008,2022-07-16,USD,
755,USD50031330532,SECURITIES DISCOUNT BOND,OAB,"5,579,570.93",0,2/16/2021,2022-07-16,USD,
756,USD50031342502,EURO BOND,OAB,"-138,820,000.00",0,2/12/2021,2022-07-16,USD,
757,USD50031342581,PREMIUM-AFS,OAB,"-246,300.00",0,7/1/2008,2022-07-16,USD,
758,USD50031342584,MTM GAIN/LOSS ON AFS (ASSET AC,OAB,"25,167,815.08",0,11/16/2021,2022-07-16,USD,
759,USD50031492502,DISC ON ACCOM DRAFT L/C,OAB,"-19,729.43",0,3/6/2015,2022-07-16,USD,
760,USD50031601001,AIR LOANS - CORPORATE,OAB,"-336,998.51",0,7/1/2008,2022-07-16,USD,
761,USD50031601002,AIR LOANS - NONRELATED BANKS,OAB,"-2,023,588.85",0,7/1/2008,2022-07-16,USD,
762,USD50031601003,ACCRD INT. RCVBLE  TRM LOANS -,OAB,-316.72,0,7/1/2008,2022-07-16,USD,
763,USD50031614002,PREPAID CIMA ANNUAL FEE,OAB,"-52,989.65",0,9/30/2008,2022-07-16,USD,
764,USD50031620004,ACCR. INTEREST REC'BLE -EURO B,OAB,"-2,557,189.81",0,2/12/2021,2022-07-16,USD,
765,USD50031622012,AIR- TERM LENDING TO HO & SUBS,OAB,"-3,652,269.44",0,7/1/2008,2022-07-16,USD,
766,USD50031657001,AIR LOANS - HEAD OFFICE TRADE,OAB,"-751,902.21",0,7/1/2008,2022-07-16,USD,
768,USD50031911110,USD/GBP SPOT  (POSITION) ACCOU,OAB,"22,438.05",0,7/1/2008,2022-07-16,USD,
636,PAL50016960007,LEGAL FEES - GENERAL,OAB,"-139,688.60",0,7/1/2008,2022-07-16,USD,
712,USD50012508003,A/P NYS SALES & USE TAX,OAB,160.11,0,7/1/2008,2022-07-16,USD,
710,USD50011931104,INTERBRANCH SETTLNY,OAB,"125,288,271.46",0,7/1/2008,2022-07-16,USD,
657,PAL50036132003,INTEREST EXPENSE - BONDS,OAB,"481,506.14",0,2/16/2021,2022-07-16,USD,
658,PAL50036600001,PROV FOR LOAN LOSSES,OAB,"-65,000.00",0,7/1/2008,2022-07-16,USD,
659,PAL50036960003,CIMA LICENSE+ADMIN FEES CIBC,OAB,"-60,376.20",0,7/1/2008,2022-07-16,USD,
660,PAL50036960004,SLA FEE EXPENSE ON GCI FROM NY,OAB,"-1,861,592.30",0,7/1/2008,2022-07-16,USD,
661,USD50011210002,DUE FROM FRB - CLEARING NOSTRO,OAB,"-315,556,106.07",0,7/1/2008,2022-07-16,USD,
662,USD50011210003,DUE FROM FRB - CCOLL NON INT,OAB,"-360,000.00",0,6/1/2021,2022-07-16,USD,
663,USD50011213001,STANDARD CHARTERED BANK - NYB,OAB,"188,545.75",0,5/21/2009,2022-07-16,USD,
664,USD50011265001,CERTICATE OF DEPOSITS - CED,OAB,"-30,000,000.00",0,5/13/2011,2022-07-16,USD,
665,USD50011272501,M M LENDING - FRGN. BANKS FRGN,OAB,"-20,000,000.00",0,7/1/2008,2022-07-16,USD,
666,USD50011492503,CUST DISC LIAB UBA/HO,OAB,"-3,999,944.42",0,4/12/2022,2022-07-16,USD,
667,USD50011601003,AIR LOANS - SOVEREIGN NON-US,OAB,"-542,151.73",0,3/26/2020,2022-07-16,USD,
668,USD50011614001,A/C RECVBL LC USD,OAB,"-25,815.55",0,7/1/2008,2022-07-16,USD,
669,USD50011614002,SUSP UNAP OTH  FIX-ASSET,OAB,"-58,824.57",0,8/12/2008,2022-07-16,USD,
670,USD50011614003,PREPAID EXPENSES NY,OAB,"-247,440.29",0,9/30/2008,2022-07-16,USD,
671,USD50011614004,SECURITY DEPOSITS,OAB,"-5,572.76",0,11/25/2008,2022-07-16,USD,
656,PAL50036131505,IE O/N SWEEPS - NY,OAB,-93.22,0,7/1/2008,2022-07-16,USD,
672,USD50011614005,ACCOUNTS RECEIVABLE OTHERS,OAB,"-336,542.14",0,11/30/2010,2022-07-16,USD,
655,PAL50036110013,IE TERM DEPOSITS CBN,OAB,"-474,392.83",0,7/23/2008,2022-07-16,USD,
653,PAL50036110011,IE DEPOSITS+DDAS 3RD PTY,OAB,"-154,190.90",0,7/1/2008,2022-07-16,USD,
638,PAL50016960011,OTHER PROFESSIONAL FEES EXP,OAB,"-54,610.59",0,7/1/2008,2022-07-16,USD,
639,PAL50016960014,SERVICES CHARGES FEDERAL RESER,OAB,"-14,724.00",0,7/1/2008,2022-07-16,USD,
640,PAL50016960018,AUDIT FEES ACCRUED,OAB,"-229,926.64",0,7/1/2008,2022-07-16,USD,
641,PAL50016960094,SERVICE CHARGES - BANKS,OAB,"-7,675.78",0,7/1/2008,2022-07-16,USD,
642,PAL50016960095,SERVICE CHARGES - BANKS,OAB,"-28,639.27",0,12/9/2021,2022-07-16,EUR,
643,PAL50016960097,SERVICE CHARGES - BANKS,OAB,"-10,146.00",0,12/9/2021,2022-07-16,GBP,
644,PAL50035101001,II LOAN TRADE FINANCE HO,OAB,"2,088,907.56",0,7/1/2008,2022-07-16,USD,
645,PAL50035101502,II EURO BOND PURCHASED,OAB,"4,564,670.12",0,2/12/2021,2022-07-16,USD,
646,PAL50035105029,II DISCOUNT BNKS ACCEPTANCE  G,OAB,"4,099.45",0,7/1/2008,2022-07-16,USD,
647,PAL50035110001,II LOANS COMMERCIAL AND INDUST,OAB,"531,003.36",0,7/1/2008,2022-07-16,USD,
648,PAL50035110005,II LOANS BANKS IN FGN COUNTRIE,OAB,"3,579,224.84",0,7/1/2008,2022-07-16,USD,
649,PAL50035110009,I/I TRM LNS - ENEGCI,OAB,661.58,0,7/1/2008,2022-07-16,USD,
650,PAL50035110042,II PLX TERM HO & SUBSDIARIES,OAB,"6,922,861.11",0,7/1/2008,2022-07-16,USD,
651,PAL50035110048,II LOANS BANKS FOREIGN COUNTRI,OAB,"144,101.97",0,7/1/2008,2022-07-16,EUR,
652,PAL50035142001,GBP - II LOANS BANKS IN FGN CO,OAB,"1,434.09",0,12/21/2020,2022-07-16,GBP,
654,PAL50036110012,IE I/C GCI FUND.BY NYB+IBF,OAB,"-4,012,184.44",0,7/1/2008,2022-07-16,USD,
711,USD50012504701,OFFICIAL CHECKS,OAP,"1,559.71",0,7/1/2008,2022-07-16,USD,
673,USD50011614101,H/O EXPENSES RECOVERY ACCOUNT,OAB,"-19,613.00",0,7/1/2008,2022-07-16,USD,
675,USD50011620001,INTEREST REC'BLE - INTER BANK-,OAB,"-79,078.50",0,7/1/2008,2022-07-16,USD,
695,USD50011840023,100A-A/DEP ACTIMIZE,OAB,"502,269.00",0,10/8/2020,2022-07-16,USD,
696,USD50011840050,30-ACC DEP COMP H/W,OAB,"171,779.35",0,7/1/2008,2022-07-16,USD,
697,USD50011840051,40-ACC DEP AS/400,OAB,"6,064.82",0,7/1/2008,2022-07-16,USD,
698,USD50011840052,50-ACC DEP OS/400 SW,OAB,"8,051.77",0,7/1/2008,2022-07-16,USD,
699,USD50011840059,100-A/DEP PC-LAN,OAB,"112,870.63",0,7/1/2008,2022-07-16,USD,
700,USD50011840064,130-ACC/DEP P.C. NY,OAB,"39,465.30",0,7/1/2008,2022-07-16,USD,
701,USD50011840066,140-AC/DEP TELEPHONE,OAB,"56,810.03",0,7/1/2008,2022-07-16,USD,
702,USD50011840067,150-ACC/DEP ALARM,OAB,"35,812.89",0,7/1/2008,2022-07-16,USD,
703,USD50011850003,10 ACC/DEP FURNITNY,OAB,"89,114.63",0,7/1/2008,2022-07-16,USD,
704,USD50011890001,89-SOFTWARE FOR CLOUD SERVER,OAB,"-2,121,723.78",0,7/14/2017,2022-07-16,USD,
705,USD50011890003,89-ACC/DEP CLOUD SERVER,OAB,"1,899,433.98",0,7/17/2017,2022-07-16,USD,
706,USD50011911104,SPOT POSITION USD/EUR,OAB,"-56,082.43",0,7/1/2008,2022-07-16,USD,
707,USD50011911107,SPOT POSITION USD,OAB,"-8,130,672.40",0,7/1/2008,2022-07-16,USD,
708,USD50011911116,SPOT POSITION USD/GBP,OAB,"331,637.61",0,7/1/2008,2022-07-16,USD,
709,USD50011931101,INTERSOL ACCOUNT,OAB,"-399,107,168.79",0,7/1/2008,2022-07-16,USD,
694,USD50011840022,100A-ACTIMIZE,OAB,"-1,779,052.36",0,10/8/2020,2022-07-16,USD,
674,USD50011614102,A/R SLA FEE INC.ON NY FROM GCI,OAB,"-2,154,602.52",0,7/1/2008,2022-07-16,USD,
693,USD50011840020,175 LSEHLD IMP R/NY,OAB,"-1,288,673.37",0,7/1/2008,2022-07-16,USD,
691,USD50011840012,100 PC/LAN S/WARE,OAB,"-132,086.36",0,7/1/2008,2022-07-16,USD,
676,USD50011620004,INTEREST REC'BLE - INTER BANK-,OAB,"-87,000.00",0,7/1/2008,2022-07-16,USD,
677,USD50011730018,DEFERRED PAYMENT LIABILITY,OAB,"-171,000.00",0,4/15/2021,2022-07-16,USD,
678,USD50011810002,175 ACC DEP LSEHLD,OAB,"995,312.54",0,7/1/2008,2022-07-16,USD,
679,USD50011830001,20 EQUIPMENT BNK,OAB,"-44,767.16",0,7/1/2008,2022-07-16,USD,
680,USD50011830002,150 ALARM SYSTEMS,OAB,"-35,812.89",0,7/1/2008,2022-07-16,USD,
681,USD50011830004,30 COMPUTER HARDW,OAB,"-261,887.16",0,7/1/2008,2022-07-16,USD,
682,USD50011830005,20 ACC/DEP EQUIPMENT,OAB,"30,877.77",0,7/1/2008,2022-07-16,USD,
683,USD50011830006,60-ACC DEP SWIFT EQ,OAB,"4,328.14",0,7/1/2008,2022-07-16,USD,
684,USD50011830008,120-A/DEP VOICE REC,OAB,"76,818.91",0,7/1/2008,2022-07-16,USD,
685,USD50011840001,60-SWIFT EQUIPMENT,OAB,"-4,328.14",0,7/1/2008,2022-07-16,USD,
686,USD50011840004,40 AS/400 COMPUTR,OAB,"-9,152.70",0,7/1/2008,2022-07-16,USD,
687,USD50011840007,120 VOICE RECORD,OAB,"-76,818.91",0,7/1/2008,2022-07-16,USD,
688,USD50011840008,50 OS/400 SOFTWRE,OAB,"-8,772.65",0,7/1/2008,2022-07-16,USD,
689,USD50011840010,140 TELEPHONE SYS,OAB,"-425,798.59",0,7/1/2008,2022-07-16,USD,
690,USD50011840011,130 PERSONAL COMP,OAB,"-87,192.15",0,7/1/2008,2022-07-16,USD,
692,USD50011840019,10 FURNITURE BNK,OAB,"-640,429.80",0,7/1/2008,2022-07-16,USD,
635,PAL50016960005,CUSTODIAN FEES,OAB,"-45,602.27",0,7/1/2008,2022-07-16,USD,
787,XOF50011911101,FT POSITION ACCOUNTS,OAB,"1,817,442,498.00",0,2/15/2019,2022-07-16,XOF,
169,5.00172E+13,CBN USD CURRENT ACCOUNT,ODA,"329,303,415.58",0,6/13/2018,2022-07-16,USD,
138,5.00172E+13,TAJBANK LIMITED PROFIT/CHARGE,ODA,"2,492.91",0.01,12/10/2019,2022-07-16,USD,
137,5.00172E+13,TITAN TRUST BANK LIMITED - TRA,ODA,"1,043,762.07",0.01,12/9/2019,2022-07-16,USD,
68,5.00105E+13,UNITED BANK FOR AFRICA ZAMBIA,ODA,"84,890.48",0.01,12/30/2009,2022-07-16,USD,
136,5.00172E+13,TITAN TRUST BANK LIMITED USD T,ODA,"4,601,566.53",0.01,12/9/2019,2022-07-16,USD,
135,5.00172E+13,TAJBANK LIMITED,ODA,"1,323,889.73",0.01,11/21/2019,2022-07-16,USD,
69,5.00105E+13,UBA KENYA BANK LIMITED,ODA,"146,508.08",0.01,4/29/2010,2022-07-16,USD,
134,5.00172E+13,MYBUCKS BANKING CORPORATION,ODA,69.62,0.3,11/15/2019,2022-07-16,GBP,
133,5.00172E+13,MYBUCKS BANKING CORPORATION,ODA,"10,800.57",0.3,11/15/2019,2022-07-16,EUR,
132,5.00172E+13,MYBUCKS BANKING CORPORATION,ODA,"158,297.62",0.01,11/15/2019,2022-07-16,USD,
139,5.00172E+13,TAJBANK LIMITED EXPORT DOMICIL,ODA,"93,508.61",0.01,12/10/2019,2022-07-16,USD,
131,5.00172E+13,ZAMBIA INDUSTRIAL COMMERCIAL B,ODA,"7,341.33",0.3,11/12/2019,2022-07-16,GBP,
129,5.00172E+13,ZAMBIA INDUSTRIAL COMMERCIAL B,ODA,"6,063,196.12",0.01,11/8/2019,2022-07-16,USD,
128,5.00172E+13,HERITAGE BANK PLC TRADING ACCO,ODA,"179,784.75",0.01,11/8/2019,2022-07-16,USD,
70,5.00105E+13,UNITED BANK FOR AFRICA SENEGAL,ODA,"29,691.82",0.01,12/8/2010,2022-07-16,USD,
127,5.00172E+13,FIDELITY BANK PLC TRADING ACCO,ODA,"118,439.40",0.01,10/11/2019,2022-07-16,USD,
126,5.00172E+13,TITAN TRUST BANK LIMITED,ODA,"985,505.98",0.01,8/6/2019,2022-07-16,USD,
125,5.00172E+13,CARL BANK LIMITED,ODA,0.02,0.01,7/22/2019,2022-07-16,USD,
124,5.00172E+13,UNITY BANK PLC,ODA,"34,589.32",0.3,7/17/2019,2022-07-16,GBP,
71,5.00105E+13,UBA TANZANIA,ODA,"32,804.00",0.01,11/22/2017,2022-07-16,USD,
72,5.00105E+13,UBA GHANA,ODA,"875,890.56",0.01,12/18/2017,2022-07-16,USD,
130,5.00172E+13,ZAMBIA INDUSTRIAL COMMERCIAL B,ODA,"22,941.72",0.3,11/12/2019,2022-07-16,EUR,
67,5.00105E+13,UNITED BANK FOR AFRICA (UBA) L,ODA,"3,294.13",0.01,12/9/2009,2022-07-16,USD,
66,5.00105E+13,UNITED BANK FOR AFRICA CAMEROO,ODA,"1,678.28",0.01,8/28/2009,2022-07-16,USD,
140,5.00172E+13,HERITAGE BANK PLC TRADING ACCO,ODA,"49,984.95",0.3,1/7/2020,2022-07-16,GBP,
149,5.00172E+13,HERITAGE BANK PLC EXPORT PROCE,ODA,"18,592.25",0,2/25/2020,2022-07-16,USD,
54,5.001E+13,GREENWICH MERCHANT BANK LOAN S,ODA,"5,400.10",0.01,12/15/2021,2022-07-16,USD,
148,5.00172E+13,CORONATION MERCHANT- USD WIRE,ODA,"1,070,339.47",0,2/19/2020,2022-07-16,USD,
147,5.00172E+13,NIGERIAN EXPORT IMPORT BANK,ODA,"100,012.04",0.01,2/18/2020,2022-07-16,USD,
55,5.001E+13,UNION BANCAIRE POUR LE COMMERC,ODA,"5,085,455.75",0.01,1/21/2022,2022-07-16,USD,
146,5.00172E+13,MOZA BANCO SA,ODA,"1,025,224.31",0.01,2/3/2020,2022-07-16,USD,
56,5.001E+13,FIDELITY BANK GHANA LIMITED,ODA,"14,300,000.00",0,2/9/2022,2022-07-16,USD,
57,5.001E+13,ACCESS BANK NIGERIA PLC,ODA,"42,854.28",0.3,3/21/2022,2022-07-16,EUR,
145,5.00172E+13,GLOBUS BANK LIMITED WIRE CLEAR,ODA,"6,282.00",0.3,2/3/2020,2022-07-16,EUR,
144,5.00172E+13,GLOBUS BANK LIMITED WIRE CLEAR,ODA,"38,923.65",0.3,2/3/2020,2022-07-16,GBP,
58,5.001E+13,CONTINENTAL ENGINEERING (NIGER,ODA,"10,000.00",0.01,3/31/2022,2022-07-16,USD,
59,5.001E+13,3T OIL AND GAS SERVICES LLC,ODA,"2,308.00",0.01,7/1/2008,2022-07-16,USD,
143,5.00172E+13,GLOBUS BANK LIMITED WIRE CLEAR,ODA,"2,031,067.37",0.01,2/3/2020,2022-07-16,USD,
60,5.001E+13,3T OIL & GAS SERV. LLC-DDA GBP,ODA,"3,081.24",0.3,7/1/2008,2022-07-16,GBP,
61,5.001E+13,3T OIL & GAS SERV. LLC-DDA A/C,ODA,"1,079.14",0.3,7/1/2008,2022-07-16,EUR,
62,5.001E+13,GEORGETOWN GLOBAL HEALTH LLC,ODA,"77,874.96",0.01,9/25/2019,2022-07-16,USD,
63,5.001E+13,ROYAL BLUE ENTERPRISE LIMTED,ODA,"98,989.25",0.01,9/9/2019,2022-07-16,USD,
142,5.00172E+13,GLOBUS BANK LIMITED,ODA,"2,665.98",0.3,1/30/2020,2022-07-16,EUR,
141,5.00172E+13,GLOBUS BANK LIMITED,ODA,"10,980.00",0.3,1/30/2020,2022-07-16,GBP,
64,5.00105E+13,UNITED BANK FOR AFRICA PLC,ODA,"-53,995,885.68",7.1,7/1/2008,2022-07-16,USD,
65,5.00105E+13,UNITED BANK  FOR AFRICA (UGAND,ODA,"24,691.96",0.01,10/15/2008,2022-07-16,USD,
123,5.00172E+13,UNITY BANK PLC,ODA,"1,062.46",0.3,7/17/2019,2022-07-16,EUR,
73,5.00105E+13,UBA SIERRA LEONE,ODA,685,0.01,12/27/2017,2022-07-16,USD,
74,5.00105E+13,UNITED BANK FOR AFRICA MOZAMBI,ODA,"83,726.73",0.01,1/16/2018,2022-07-16,USD,
75,5.00105E+13,UNITEDBANK FOR AFRICA - DEMOCR,ODA,"250,271.88",0.01,2/13/2018,2022-07-16,USD,
94,5.00122E+13,NIGERIAN AGIP OIL COMPANY LIMI,ODA,100.42,0.01,10/23/2009,2022-07-16,USD,
95,5.00122E+13,3T WORLDWIDE QRI (NIGERIA) LIM,ODA,"1,579.85",0.01,11/6/2009,2022-07-16,USD,
96,5.00122E+13,3T WORLDWIDE QRI (NIGERIA) LIM,ODA,"103,521.01",0.3,11/9/2009,2022-07-16,GBP,
97,5.00122E+13,3T WORLDWIDE QRI (NIGERIA) LIM,ODA,"26,984.32",0.3,11/9/2009,2022-07-16,EUR,
98,5.00122E+13,NNPC/NAOC JV CONS/DISB A/C-EBO,ODA,100.21,0.01,9/21/2012,2022-07-16,USD,
99,5.00122E+13,UNITED BANK  FOR AFRICA (UGAND,CAA,"10,000.00",0.01,8/13/2013,2022-07-16,USD,
100,5.00125E+13,UNITED BANK FOR AFRICA - FEM A,ODA,"-11,298,112.18",7.1,7/1/2008,2022-07-16,USD,
101,5.00125E+13,UBA FEM A/C EURO,ODA,"139,674.95",0.3,8/15/2016,2022-07-16,EUR,
102,5.0013E+13,FCMB CURRENT A/C USD,ODA,"25,702.32",0,7/1/2008,2022-07-16,USD,
103,5.0017E+13,CELETRANS NIG. LTD.- DDA A/C E,ODA,"50,558.32",0.3,7/1/2008,2022-07-16,EUR,
104,5.0017E+13,CELETRANS NIG. LTD. - DDA GBP,ODA,"19,102.41",0.3,7/1/2008,2022-07-16,GBP,
105,5.00172E+13,STERLING BANK PLC - DOM (USD),ODA,"648,792.24",0.01,7/1/2008,2022-07-16,USD,
106,5.00172E+13,POLARIS BANK PLC,ODA,"281,065.89",0.01,7/1/2008,2022-07-16,USD,
107,5.00172E+13,ACCESS BANK NIG. PLC A/C 2,ODA,"3,019,603.12",0,7/1/2008,2022-07-16,USD,
108,5.00172E+13,WEMA BANK PLC.,ODA,"157,409.21",0,9/28/2011,2022-07-16,USD,
109,5.00172E+13,OANDO TRADING DMCC,ODA,"30,383.18",0.01,7/3/2017,2022-07-16,USD,
110,5.00172E+13,CORONATION MERCHANT BANK,ODA,"147,178.89",0,10/30/2017,2022-07-16,USD,
116,5.00172E+13,NOVA MERCHANT BANK - EUR MAIN,ODA,"2,213.90",0.3,4/12/2018,2022-07-16,EUR,
111,5.00172E+13,NOVA MERCHANT BANK - USD MAIN,ODA,41.86,0.11,2/26/2018,2022-07-16,USD,
115,5.00172E+13,NOVA MERCHANT BANK - EXPORT PR,ODA,"607,253.42",0.11,3/30/2018,2022-07-16,USD,
112,5.00172E+13,NOVA MERCHANT BANK,ODA,"3,738,370.97",0.3,3/9/2018,2022-07-16,EUR,
93,5.00122E+13,CELETRANS NIGERIA LIMITED,ODA,"737,208.46",0.01,7/1/2008,2022-07-16,USD,
150,5.00172E+13,TITAN BANK MASTERCARD SETTLEME,ODA,"31,118.34",0.01,2/26/2020,2022-07-16,USD,
92,5.00122E+13,LOTUS BANK - CASH COLLATERAL A,ODA,"833,611.31",0.01,11/10/2021,2022-07-16,USD,
90,5.00122E+13,GREENWICH MERCHANT BANK LIMITE,ODA,"68,058.08",0.3,5/5/2021,2022-07-16,EUR,
76,5.00105E+13,UNITED BANK FOR AFRICA SENEGAL,ODA,"51,659.24",0,5/9/2019,2022-07-16,EUR,
77,5.00105E+13,ACCESS MICROFINANCE BANK TANZA,ODA,"149,823.95",0.01,10/29/2019,2022-07-16,USD,
78,5.00105E+13,ACCESS MICROFINANCE BANK TANZA,ODA,"2,620.00",0.3,10/30/2019,2022-07-16,EUR,
122,5.00172E+13,UNITY BANK PLC,ODA,"113,675.18",0.01,7/3/2019,2022-07-16,USD,
121,5.00172E+13,FBNQUEST MB EXPORT PROCEED ACC,ODA,631.6,0,5/22/2019,2022-07-16,USD,
120,5.00172E+13,CORONATION MERCHANT BANK EXPOR,ODA,"497,439.81",0,11/9/2018,2022-07-16,USD,
170,5.003E+13,ESCROW A/C - GBARAN UBIE PHASE,CAA,"2,169,968.84",0.01,6/12/2014,2022-07-16,USD,
119,5.00172E+13,FBNQUEST MECHANT BANK LIMITED,ODA,"455,984.03",0,5/22/2018,2022-07-16,USD,
118,5.00172E+13,NOVA MERCHANT BANK - USD DOM A,ODA,"3,884,163.67",0.11,4/12/2018,2022-07-16,USD,
79,5.00122E+13,UNITED BANK FOR AFRICA -  CASH,CAA,"16,828,265.04",0.06,7/1/2008,2022-07-16,USD,
80,5.00122E+13,STERLING BANK PLC,CAA,"214,383.34",0.01,11/17/2008,2022-07-16,USD,
81,5.00122E+13,WEMA BANK PLC. CASH COLL,CAA,"71,737.48",0.01,9/21/2016,2022-07-16,USD,
82,5.00122E+13,POLARIS - CASH COLL,CAA,"59,371.13",0.01,2/8/2018,2022-07-16,USD,
83,5.00122E+13,NOVA MERCHANT BANK - CASH COLL,CAA,"285,894.47",0.1,3/29/2018,2022-07-16,USD,
84,5.00122E+13,FBNQUEST MERCHANT BANK LIMITED,CAA,"70,853.77",0.1,10/26/2018,2022-07-16,USD,
85,5.00122E+13,CASH COLLATERAL A/C FOR CORONA,CAA,"14,485.24",0.25,1/18/2019,2022-07-16,USD,
86,5.00122E+13,SUNTRUST BANK NIGERIA LIMITED,CAA,"23,699.93",0,7/3/2019,2022-07-16,USD,
87,5.00122E+13,TITAN BANK CSH CCOLL ACCOUNT,CAA,"88,246.61",0,4/17/2020,2022-07-16,USD,
88,5.00122E+13,GLOBUS BANK LIMITED,CAA,"106,325.51",0,6/2/2020,2022-07-16,USD,
117,5.00172E+13,NOVA MERCHANT BANK - GBP MAIN,ODA,702.3,0.3,4/12/2018,2022-07-16,GBP,
89,5.00122E+13,GREENWICH MERCHANT BANK LIMITE,ODA,"1,519,999.38",0.01,5/5/2021,2022-07-16,USD,
91,5.00122E+13,SKYE BANK (SL) LIMITED- CASH C,CAA,"1,457,871.00",0,9/20/2021,2022-07-16,USD,
151,5.00172E+13,HERITAGE BANK PLC INTEREST AND,ODA,"27,792.77",0.01,3/11/2020,2022-07-16,USD,
152,5.00172E+13,NOVA MERCHANT BANK WIRE CLEARI,ODA,"3,050,717.83",0.01,4/3/2020,2022-07-16,USD,
153,5.00172E+13,TITAN BANK WIRE CLEARING,ODA,"404,814.14",0.01,4/3/2020,2022-07-16,USD,
175,EUR50011911107,EURO (POSITION) ACCOUNT,OAB,"7,255,885.50",0,7/1/2008,2022-07-16,EUR,
176,EUR50011911115,SPOT POSITION EURO,OAB,"56,009.62",0,7/1/2008,2022-07-16,EUR,
23,5.001E+13,ACCESS BANK (SL) LIMITED,ODA,"170,272.72",0.01,5/4/2021,2022-07-16,USD,
177,EUR50011931101,INTERSOL ACCOUNT,OAB,"-6,780,195.85",0,7/1/2008,2022-07-16,EUR,
24,5.001E+13,ACCESS BANK (SL) LIMITED,ODA,"469,425.88",0.3,5/4/2021,2022-07-16,EUR,
25,5.001E+13,ACCESS BANK (SL) LIMITED,ODA,"57,568.41",0.3,5/4/2021,2022-07-16,GBP,
178,EUR50017002001,FX FWD CONTINGENT (INTER-BANK,OAB,"-7,250,000.00",0,7/1/2008,2022-07-16,EUR,
179,EUR50017002009,FX SPOT CONTINGENT (INTER-BANK,OAB,"7,250,000.00",0,7/1/2008,2022-07-16,EUR,
180,EUR50017020101,Customer Liability for Export,OAB,"-225,911.35",0,7/1/2008,2022-07-16,EUR,
26,5.001E+13,UNION BANK LOAN SETTLEMENT ACC,ODA,"36,724.06",0.01,5/21/2021,2022-07-16,USD,
27,5.001E+13,SKYE BANK (SL) LIMITED,ODA,"5,581,485.92",0.01,6/1/2021,2022-07-16,USD,
28,5.001E+13,SKYE BANK (SL) LIMITED,ODA,"7,807.63",0.3,6/1/2021,2022-07-16,EUR,
29,5.001E+13,SKYE BANK (SL) LIMITED MASTERC,ODA,"79,292.91",0.01,6/8/2021,2022-07-16,USD,
181,EUR50018020001,Export LCs Confimed Clean Line,OAB,"225,911.35",0,7/1/2008,2022-07-16,EUR,
182,EUR50031601002,AIR LOANS - NONRELATED BANKS,OAB,"-124,509.72",0,7/1/2008,2022-07-16,EUR,
30,5.001E+13,CONSOLIDATED BANK GHANA LIMITE,ODA,"60,266.18",0.05,6/22/2021,2022-07-16,USD,
183,EUR50031620002,ACCR. INTEREST REC'BLE - O/N L,OAB,"-13,860.00",0,7/19/2019,2022-07-16,EUR,
184,EUR50031657001,AIR LOANS - HEAD OFFICE TRADE,OAB,-8.67,0,9/10/2019,2022-07-16,EUR,
185,EUR50031911101,SPOT POSITION USD/EUR,OAB,"-35,988.42",0,7/1/2008,2022-07-16,EUR,
186,EUR50031931101,INTERSOL ACCOUNT,OAB,"6,780,195.85",0,7/1/2008,2022-07-16,EUR,
187,GBP50011213001,"STANDARD CHARTERED BANK, LONDO",OAB,"-629,707.88",0,1/6/2014,2022-07-16,GBP,
22,5.001E+13,COMPAGNIE GENERALE DE BANQUE P,ODA,"1,207.77",0.3,5/3/2021,2022-07-16,GBP,
31,5.001E+13,CONSOLIDATED BANK GHANA LIMITE,ODA,"100,000.00",0.3,6/22/2021,2022-07-16,GBP,
21,5.001E+13,COMPAGNIE GENERALE DE BANQUE P,ODA,"26,906.50",0.01,5/3/2021,2022-07-16,USD,
174,EUR50011213001,STANDARD CHARTERED BANK FRANKF,OAB,"-5,951,555.75",0,1/2/2014,2022-07-16,EUR,
2,5.001E+13,GLOBUS BANK LIMITED,ODA,"477,134.49",0.01,1/29/2020,2022-07-16,USD,
3,5.001E+13,MKOMBOZI COMMERCIAL BANK LIMIT,ODA,"1,369,383.52",0.01,3/12/2020,2022-07-16,USD,
4,5.001E+13,MKOMBOZI COMMERCIAL BANK LIMIT,ODA,"46,317.89",0.3,3/12/2020,2022-07-16,EUR,
5,5.001E+13,MKOMBOZI COMMERCIAL BANK LIMIT,ODA,"8,599.30",0.3,3/12/2020,2022-07-16,GBP,
171,5.003E+13,CHEVRON NIGERIA LIMITED (CNL),ODA,"5,616,577.44",0,9/20/2017,2022-07-16,USD,
6,5.001E+13,SIDIAN BANK LIMITED,ODA,974.1,0.01,6/11/2020,2022-07-16,USD,
7,5.001E+13,GLOBUS BANK LOAN SETTLEMENT AC,ODA,"180,577.40",0,11/4/2020,2022-07-16,USD,
8,5.001E+13,SOLIDAIRE BANK,ODA,"53,904.48",0.01,12/9/2020,2022-07-16,USD,
9,5.001E+13,SOLIDAIRE BANK,ODA,"10,000.00",0.3,12/9/2020,2022-07-16,EUR,
10,5.001E+13,BANK OF INDUSTRY LIMITED,ODA,"4,033,197.61",0.01,12/18/2020,2022-07-16,USD,
11,5.001E+13,GREENWICH MERCHANT BANK LIMITE,ODA,"869,941.54",0.01,1/13/2021,2022-07-16,USD,
12,5.001E+13,GLOBUS BANK LIMITED EXPORT PRO,ODA,"700,377.47",0.01,2/3/2021,2022-07-16,USD,
13,5.001E+13,UNITED BANK FOR AFRICA (UBA) L,ODA,18.84,0.01,3/4/2021,2022-07-16,USD,
14,5.001E+13,CREDIT BANK KENYA PLC,ODA,596.05,0.01,3/9/2021,2022-07-16,USD,
15,5.001E+13,CREDIT BANK KENYA PLC,ODA,"19,947.00",0.3,3/9/2021,2022-07-16,EUR,
172,5.003E+13,SHELL PETROLEUM DEV. CO. LTD.,ODA,"2,122,517.96",0.01,9/22/2017,2022-07-16,USD,
173,5.00301E+13,NNPC - CARRY PROCEEDS A/C - GB,CAA,"547,834.00",0.01,11/20/2013,2022-07-16,USD,
16,5.001E+13,CREDIT BANK KENYA PLC,ODA,"15,236.00",0.3,3/9/2021,2022-07-16,GBP,
17,5.001E+13,MYBUCKS BANKING CORPORATION- U,ODA,"6,326.54",0.01,3/10/2021,2022-07-16,USD,
18,5.001E+13,FBNQUEST MERCHANT BANK LIMITED,ODA,"683,975.27",0.01,3/17/2021,2022-07-16,USD,
19,5.001E+13,ZAMBIA INDUSTRIAL WIRE CLEARIN,ODA,"2,145,086.15",0.01,3/24/2021,2022-07-16,USD,
20,5.001E+13,COMMERCE AND MORTGAGE BANK (SL,ODA,"381,292.70",0.01,5/3/2021,2022-07-16,USD,
113,5.00172E+13,NOVA MERCHANT BANK,ODA,843.13,0.3,3/9/2018,2022-07-16,GBP,
188,GBP50011911107,GBP (POSITION) ACCOUNT,OAB,"300,347.14",0,7/1/2008,2022-07-16,GBP,
190,GBP50011931101,INTERSOL ACCOUNT,OAB,"-27,628.45",0,7/1/2008,2022-07-16,GBP,
45,5.001E+13,LOTUS BANK,ODA,"4,317.47",0.3,9/24/2021,2022-07-16,GBP,
46,5.001E+13,ORABANK SENEGAL,ODA,"25,616.63",0.01,10/21/2021,2022-07-16,USD,
47,5.001E+13,ACCESS BANK GUINEE SA,ODA,"6,131.93",0.3,10/25/2021,2022-07-16,EUR,
164,5.00172E+13,WEMA BANK PLC. EUR ACCOUNT,ODA,"3,031.97",0.3,7/29/2020,2022-07-16,EUR,
163,5.00172E+13,SUNTRUST BANK NIGERIA LIMITED,ODA,13,0.3,7/8/2020,2022-07-16,GBP,
162,5.00172E+13,TAJBANK LIMITED OPERATING ACCO,ODA,"9,663.69",0.3,6/26/2020,2022-07-16,EUR,
48,5.001E+13,ACCESS BANK GUINEE SA,ODA,"541,996.64",0.01,10/25/2021,2022-07-16,USD,
49,5.001E+13,ORABANK NIGER,ODA,"120,641.14",0.01,10/25/2021,2022-07-16,USD,
50,5.001E+13,LOTUS BANK - FOREIGN OPERATING,ODA,"247,517.70",0.01,11/10/2021,2022-07-16,USD,
44,5.001E+13,LOTUS BANK,ODA,313,0.3,9/24/2021,2022-07-16,EUR,
161,5.00172E+13,TAJBANK LIMITED OPERATING ACCO,ODA,"6,451.47",0.3,6/26/2020,2022-07-16,GBP,
159,5.00172E+13,TAJBANK LIMITED FX TRADING,ODA,"16,905.65",0.01,6/26/2020,2022-07-16,USD,
51,5.001E+13,LOTUS BANK - PROFIT/CHARGES AC,ODA,"1,205.00",0.01,11/10/2021,2022-07-16,USD,
52,5.001E+13,LOTUS BANK - NON OIL EXPORT DO,ODA,"1,577,457.46",0.01,11/10/2021,2022-07-16,USD,
53,5.001E+13,ZEN GLOBAL DMCC,ODA,"9,990.47",0.01,12/10/2021,2022-07-16,USD,
158,5.00172E+13,TAJBANK LIMITED FX TRADING,ODA,"60,576.98",0.3,6/26/2020,2022-07-16,GBP,
157,5.00172E+13,SUNTRUST BANK NIGERIA LIMITED,ODA,"71,838.59",0.01,6/23/2020,2022-07-16,USD,
156,5.00172E+13,SUNTRUST BANK NIGERIA LIMITED,ODA,"50,995.77",0.3,6/5/2020,2022-07-16,EUR,
155,5.00172E+13,TITAN TRUST BANK LIMITED EXPOR,ODA,"23,128,523.03",0.01,6/1/2020,2022-07-16,USD,
154,5.00172E+13,SUNTRUST BANK NIGERIA LIMITED,ODA,258.83,0.3,5/29/2020,2022-07-16,GBP,
160,5.00172E+13,TAJBANK LIMITED FX TRADING,ODA,"5,225.00",0.3,6/26/2020,2022-07-16,EUR,
189,GBP50011911113,SPOT POSITION GBP,OAB,"-281,084.55",0,7/1/2008,2022-07-16,GBP,
43,5.001E+13,LOTUS BANK,ODA,"2,226,629.68",0.01,9/24/2021,2022-07-16,USD,
41,5.001E+13,COMMERCE AND MORTGAGE BANK (SL,ODA,"1,350.35",0.3,8/12/2021,2022-07-16,GBP,
191,GBP50012508046,ACCOUNTS PAYABLE OTHERS,OAB,68.59,0,7/1/2008,2022-07-16,GBP,
192,GBP50017002009,FX SPOT CONTINGENT (INTER-BANK,OAB,"20,804.33",0,7/1/2008,2022-07-16,GBP,
32,5.001E+13,DCB COMMERCIAL BANK,ODA,"20,950.30",0.01,7/1/2021,2022-07-16,USD,
193,GBP50018002003,FX SPOT CONTINGENT CONTRA A/C,OAB,"-20,804.33",0,7/1/2008,2022-07-16,GBP,
194,GBP50031601002,AIR LOANS - NONRELATED BANKS,OAB,-356.18,0,12/22/2020,2022-07-16,GBP,
195,GBP50031911101,SPOT POSITION USD/GBP,OAB,"-17,585.57",0,7/1/2008,2022-07-16,GBP,
196,GBP50031931101,INTERSOL ACCOUNT,OAB,"27,628.45",0,7/1/2008,2022-07-16,GBP,
33,5.001E+13,CONSOLIDATED BANK GHANA LIMITE,ODA,"954,631.67",0.01,7/8/2021,2022-07-16,USD,
168,5.00172E+13,UNITED BANK FOR AFRICA PLC- EX,ODA,"473,455,672.69",0,1/29/2019,2022-07-16,USD,
42,5.001E+13,TECHNOWELL GLOBAL CONCEPT LIMI,ODA,190,0.01,9/17/2021,2022-07-16,USD,
34,5.001E+13,AMANA BANK TANZANIA,ODA,"145,067.79",0.01,7/19/2021,2022-07-16,USD,
35,5.001E+13,AMANA BANK TANZANIA,ODA,"600,000.00",0.3,7/19/2021,2022-07-16,EUR,
36,5.001E+13,ORABANK MALI,ODA,"113,836.91",0.01,8/5/2021,2022-07-16,USD,
37,5.001E+13,OMNIBSIC BANK GHANA LIMITED,ODA,"9,121,078.17",0.01,8/12/2021,2022-07-16,USD,
167,5.00172E+13,UNITED BANK FOR AFRICA PLC - F,ODA,"6,603,576.90",0.01,7/1/2008,2022-07-16,USD,
166,5.00172E+13,WEMA BANK PLC. WIRE CLEARING,ODA,"1,120,702.68",0.01,3/26/2021,2022-07-16,USD,
165,5.00172E+13,FBNQUEST LOANS SETTLEMENT ACCO,ODA,"42,843.90",0,11/23/2020,2022-07-16,USD,
38,5.001E+13,OMNIBSIC BANK GHANA LIMITED,ODA,"37,535.20",0.3,8/12/2021,2022-07-16,EUR,
39,5.001E+13,OMNIBSIC BANK GHANA LIMITED,ODA,"84,185.09",0.3,8/12/2021,2022-07-16,GBP,
40,5.001E+13,COMMERCE AND MORTGAGE BANK (SL,ODA,"9,998.00",0.3,8/12/2021,2022-07-16,EUR,
114,5.00172E+13,NOVA MERCHANT BANK - INT ACC,ODA,"4,480.46",0.11,3/29/2018,2022-07-16,USD,
200,LA500100000013,UNITED BANK FOR AFRICA PLC,LAA,"-210,774.00",4.88,3/24/2022,2022-07-19,USD,
260,LA500300013771,CORONATION MERCHANT BANK,LAA,"-12,117.17",5.17,1/20/2022,2022-07-19,USD,
199,LA500100000012,UNITED BANK FOR AFRICA PLC,LAA,"-187,749.85",4.88,3/24/2022,2022-07-19,USD,
394,LA500300014037,GLOBUS BANK LIMITED WIRE CLEAR,LAA,"-58,290.00",6.81,4/20/2022,2022-07-19,USD,
311,LA500300013937,STERLING BANK PLC,LAA,"-249,438.76",7.02,3/21/2022,2022-07-19,USD,
323,LA500300013951,UNITED BANK FOR AFRICA PLC,LAA,"-38,204.64",4.83,3/23/2022,2022-07-19,USD,
328,LA500300013956,UNITED BANK FOR AFRICA PLC,LAA,"-3,463.11",4.88,3/24/2022,2022-07-19,USD,
333,LA500300013961,UNITED BANK FOR AFRICA PLC,LAA,"-25,491.86",4.88,3/25/2022,2022-07-19,USD,
393,LA500300014036,GLOBUS BANK LIMITED WIRE CLEAR,LAA,"-46,096.00",6.81,4/20/2022,2022-07-19,USD,
392,LA500300014035,GLOBUS BANK LIMITED WIRE CLEAR,LAA,"-699,215.17",6.81,4/20/2022,2022-07-19,USD,
261,LA500300013774,FIDELITY BANK PLC TRADING ACCO,LAA,"-10,270,146.00",5.44,1/21/2022,2022-07-20,USD,
464,LA500300014111,UNITED BANK FOR AFRICA PLC,LAA,"-54,489.34",5.22,5/20/2022,2022-07-20,USD,
322,LA500300013950,UNITED BANK FOR AFRICA PLC,LAA,"-4,263,806.20",4.83,3/23/2022,2022-07-20,USD,
338,LA500300013968,UNITED BANK FOR AFRICA PLC,LAA,"-173,490.94",4.95,3/29/2022,2022-07-20,USD,
265,LA500300013780,FIRST CITY MONUMENT BANK PLC,LAA,"-1,500,000.00",5.19,1/21/2022,2022-07-20,USD,
355,LA500300013988,UNITED BANK FOR AFRICA PLC,LAA,"-130,392.53",4.96,4/4/2022,2022-07-21,USD,
340,LA500300013970,UNITED BANK FOR AFRICA PLC,LAA,"-147,299.14",4.95,3/29/2022,2022-07-21,USD,
351,LA500300013984,UNITED BANK FOR AFRICA PLC,LAA,"-149,014.64",4.99,3/31/2022,2022-07-21,USD,
335,LA500300013963,UNITED BANK FOR AFRICA PLC,LAA,"-115,216.22",5.13,3/25/2022,2022-07-21,USD,
345,LA500300013976,UNITED BANK FOR AFRICA PLC,LAA,"-89,568.74",4.99,3/30/2022,2022-07-22,USD,
346,LA500300013977,UNITED BANK FOR AFRICA PLC,LAA,"-506,549.37",4.99,3/30/2022,2022-07-22,USD,
348,LA500300013981,UNITED BANK FOR AFRICA PLC,LAA,"-175,440.00",4.99,3/31/2022,2022-07-22,USD,
349,LA500300013982,UNITED BANK FOR AFRICA PLC,LAA,"-81,758.82",4.99,3/31/2022,2022-07-22,USD,
350,LA500300013983,UNITED BANK FOR AFRICA PLC,LAA,"-233,875.72",4.99,3/31/2022,2022-07-22,USD,
361,LA500300013996,UNITED BANK FOR AFRICA PLC,LAA,"-79,254.41",4.98,4/5/2022,2022-07-22,USD,
254,LA500300013712,GLOBUS BANK LIMITED WIRE CLEAR,LAA,"-154,495.94",9.59,1/7/2022,2022-07-22,USD,
332,LA500300013960,UNION BANK,LAA,"-81,180.00",6.63,3/25/2022,2022-07-22,USD,
356,LA500300013989,UNITED BANK FOR AFRICA PLC,LAA,"-53,395.50",4.96,4/4/2022,2022-07-22,USD,
358,LA500300013992,UNITED BANK FOR AFRICA PLC,LAA,"-76,100.00",4.96,4/4/2022,2022-07-22,USD,
339,LA500300013969,UNITED BANK FOR AFRICA PLC,LAA,"-2,478,250.00",4.95,3/29/2022,2022-07-22,USD,
409,LA500300014052,GLOBUS BANK LIMITED WIRE CLEAR,LAA,"-39,303.04",6.96,4/26/2022,2022-07-25,USD,
264,LA500300013778,GLOBUS BANK LIMITED WIRE CLEAR,LAA,"-16,752.00",6.32,1/26/2022,2022-07-25,USD,
263,LA500300013777,GREENWICH MERCHANT BANK LIMITE,LAA,"-1,908.38",7.32,1/26/2022,2022-07-25,USD,
354,LA500300013987,UNITED BANK FOR AFRICA PLC,LAA,"-9,226.08",4.96,4/4/2022,2022-07-26,USD,
410,LA500300014053,GLOBUS BANK LIMITED WIRE CLEAR,LAA,"-48,170.00",6.97,4/27/2022,2022-07-26,USD,
269,LA500300013784,GLOBUS BANK LIMITED WIRE CLEAR,LAA,"-193,540.21",6.32,1/28/2022,2022-07-27,USD,
268,LA500300013783,GLOBUS BANK LIMITED WIRE CLEAR,LAA,"-249,875.93",6.32,1/28/2022,2022-07-27,USD,
352,LA500300013985,UNITED BANK FOR AFRICA PLC,LAA,"-6,674,247.17",4.99,3/31/2022,2022-07-28,USD,
363,LA500300013998,UNITED BANK FOR AFRICA PLC,LAA,"-248,861.75",4.99,4/6/2022,2022-07-28,USD,
365,LA500300014001,UNITED BANK FOR AFRICA PLC,LAA,"-138,857.05",4.99,4/6/2022,2022-07-28,USD,
270,LA500300013785,GLOBUS BANK LIMITED WIRE CLEAR,LAA,"-73,350.00",6.32,1/31/2022,2022-07-28,USD,
368,LA500300014005,UNITED BANK FOR AFRICA PLC,LAA,"-14,243.91",4.97,4/7/2022,2022-07-29,USD,
367,LA500300014004,UNITED BANK FOR AFRICA PLC,LAA,"-255,150.00",4.97,4/7/2022,2022-07-29,USD,
357,LA500300013990,UNITED BANK FOR AFRICA PLC,LAA,"-75,266.33",4.96,4/4/2022,2022-07-29,USD,
360,LA500300013994,UNITED BANK FOR AFRICA PLC,LAA,"-55,322.12",4.98,4/5/2022,2022-07-29,USD,
416,LA500300014059,GLOBUS BANK LIMITED WIRE CLEAR,LAA,"-60,800.00",7.08,5/4/2022,2022-08-02,USD,
362,LA500300013997,UNITED BANK FOR AFRICA PLC,LAA,"-3,485,460.26",4.99,4/6/2022,2022-08-03,USD,
244,LA500300013702,STERLING BANK PLC,LAA,"-21,517.19",8.74,1/6/2022,2022-08-03,USD,
385,LA500300014028,UNITED BANK FOR AFRICA PLC,LAA,"-415,800.00",5.05,4/18/2022,2022-08-04,USD,
386,LA500300014029,UNITED BANK FOR AFRICA PLC,LAA,"-400,330.46",5.05,4/18/2022,2022-08-04,USD,
425,LA500300014068,CORONATION MERCHANT BANK,LAA,"-84,046.63",7.15,5/6/2022,2022-08-04,USD,
435,LA500300014079,UNITED BANK FOR AFRICA PLC,LAA,"-359,521.35",4.92,5/13/2022,2022-08-04,USD,
447,LA500300014093,UNITED BANK FOR AFRICA PLC,LAA,"-143,280.00",4.94,5/17/2022,2022-08-04,USD,
498,LA500300014149,UNITED BANK FOR AFRICA PLC,LAA,"-76,100.00",5.12,6/7/2022,2022-08-04,USD,
372,LA500300014011,UNITED BANK FOR AFRICA PLC,LAA,"-408,241.23",5.29,4/12/2022,2022-08-05,USD,
424,LA500300014067,UNITED BANK FOR AFRICA PLC,LAA,"-151,140.00",5.51,5/6/2022,2022-08-05,USD,
436,LA500300014080,UNITED BANK FOR AFRICA PLC,LAA,"-6,085.27",4.92,5/13/2022,2022-08-05,USD,
438,LA500300014082,UNITED BANK FOR AFRICA PLC,LAA,"-225,040.00",4.92,5/13/2022,2022-08-05,USD,
446,LA500300014092,UNITED BANK FOR AFRICA PLC,LAA,"-107,480.00",4.94,5/17/2022,2022-08-05,USD,
198,LA500100000010,GCB BANK LIMITED,LAA,"-20,000,000.00",2.73,2/7/2022,2022-08-05,USD,
275,LA500300013804,GLOBUS BANK LIMITED WIRE CLEAR,LAA,"-309,400.00",7.96,2/9/2022,2022-08-08,USD,
276,LA500300013820,SUNTRUST BANK NIGERIA LIMITED,LAA,"-81,924.08",6.38,2/10/2022,2022-08-09,USD,
277,LA500300013821,SUNTRUST BANK NIGERIA LIMITED,LAA,"-156,125.92",6.38,2/10/2022,2022-08-09,USD,
449,LA500300014095,UNITED BANK FOR AFRICA PLC,LAA,"-71,100.00",4.94,5/17/2022,2022-08-09,USD,
387,LA500300014030,UNITED BANK FOR AFRICA PLC,LAA,"-87,061.70",5.05,4/19/2022,2022-08-09,USD,
374,LA500300014013,WEMA BANK PLC.,LAA,"-89,280.00",7.29,4/12/2022,2022-08-10,USD,
373,LA500300014012,WEMA BANK PLC.,LAA,"-89,280.00",7.29,4/12/2022,2022-08-10,USD,
433,LA500300014077,FBNQUEST MERCHANT BANK LIMITED,LAA,"-328,507.24",7.14,5/12/2022,2022-08-10,USD,
432,LA500300014075,FBNQUEST MERCHANT BANK LIMITED,LAA,"-16,069.00",7.14,5/12/2022,2022-08-10,USD,
431,LA500300014074,GLOBUS BANK LIMITED WIRE CLEAR,LAA,"-36,270.00",7.14,5/12/2022,2022-08-10,USD,
279,LA500300013845,GLOBUS BANK LIMITED WIRE CLEAR,LAA,"-165,838.26",7.96,2/14/2022,2022-08-11,USD,
280,LA500300013846,GLOBUS BANK LIMITED WIRE CLEAR,LAA,"-66,921.00",7.96,2/14/2022,2022-08-11,USD,
405,LA500300014048,UNITED BANK FOR AFRICA PLC,LAA,"-429,200.00",5.17,4/22/2022,2022-08-12,USD,
406,LA500300014049,UNITED BANK FOR AFRICA PLC,LAA,"-819,259.30",5.22,4/25/2022,2022-08-12,USD,
526,LA500300014179,CORONATION MERCHANT BANK,LAA,"-168,249.60",9.21,6/15/2022,2022-08-12,USD,
525,LA500300014178,CORONATION MERCHANT BANK,LAA,"-1,855,923.36",9.21,6/15/2022,2022-08-12,USD,
524,LA500300014177,CORONATION MERCHANT BANK,LAA,"-1,755,728.00",9.21,6/15/2022,2022-08-12,USD,
523,LA500300014176,CORONATION MERCHANT BANK,LAA,"-1,742,112.00",9.21,6/15/2022,2022-08-12,USD,
522,LA500300014175,CORONATION MERCHANT BANK,LAA,"-1,683,471.20",9.21,6/15/2022,2022-08-12,USD,
448,LA500300014094,UNITED BANK FOR AFRICA PLC,LAA,"-72,578.40",4.94,5/17/2022,2022-08-12,USD,
521,LA500300014174,CORONATION MERCHANT BANK,LAA,"-365,985.57",9.21,6/15/2022,2022-08-12,USD,
402,LA500300014045,UNITED BANK FOR AFRICA PLC,LAA,"-402,500.63",5.17,4/22/2022,2022-08-12,USD,
286,LA500300013884,FBNQUEST MERCHANT BANK LIMITED,LAA,"-141,093.91",8.49,2/16/2022,2022-08-15,USD,
282,LA500300013875,GLOBUS BANK LIMITED WIRE CLEAR,LAA,"-82,009.85",7.95,2/15/2022,2022-08-15,USD,
283,LA500300013881,GLOBUS BANK LIMITED WIRE CLEAR,LAA,"-48,170.00",7.99,2/16/2022,2022-08-15,USD,
284,LA500300013882,GLOBUS BANK LIMITED WIRE CLEAR,LAA,"-267,136.38",7.99,2/16/2022,2022-08-15,USD,
440,LA500300014085,FBNQUEST MERCHANT BANK LIMITED,LAA,"-282,816.00",7.7,5/16/2022,2022-08-15,USD,
285,LA500300013883,FBNQUEST MERCHANT BANK LIMITED,LAA,"-390,390.00",8.49,2/16/2022,2022-08-15,USD,
442,LA500300014087,FBNQUEST MERCHANT BANK LIMITED,LAA,"-13,352.44",7.7,5/16/2022,2022-08-15,USD,
443,LA500300014089,FBNQUEST MERCHANT BANK LIMITED,LAA,"-430,976.00",7.7,5/16/2022,2022-08-15,USD,
441,LA500300014086,FBNQUEST MERCHANT BANK LIMITED,LAA,"-282,816.00",7.7,5/16/2022,2022-08-15,USD,
444,LA500300014090,FBNQUEST MERCHANT BANK LIMITED,LAA,"-430,976.00",7.7,5/16/2022,2022-08-15,USD,
398,LA500300014041,UNITED BANK FOR AFRICA PLC,LAA,"-1,266,215.83",5.1,4/21/2022,2022-08-17,USD,
397,LA500300014040,UNITED BANK FOR AFRICA PLC,LAA,"-545,888.37",5.1,4/21/2022,2022-08-17,USD,
403,LA500300014046,UNITED BANK FOR AFRICA PLC,LAA,"-317,712.89",5.17,4/22/2022,2022-08-17,USD,
399,LA500300014042,UNITED BANK FOR AFRICA PLC,LAA,"-149,013.66",5.17,4/22/2022,2022-08-17,USD,
439,LA500300014084,UNITED BANK FOR AFRICA PLC,LAA,"-381,830.04",5.7,5/16/2022,2022-08-17,USD,
404,LA500300014047,UNITED BANK FOR AFRICA PLC,LAA,"-1,280,310.59",5.17,4/22/2022,2022-08-17,USD,
400,LA500300014043,UNITED BANK FOR AFRICA PLC,LAA,"-683,574.54",5.17,4/22/2022,2022-08-17,USD,
202,LA500100000015,UNITED BANK FOR AFRICA PLC,LAA,"-151,880.45",5.07,5/31/2022,2022-08-17,USD,
401,LA500300014044,UNITED BANK FOR AFRICA PLC,LAA,"-527,475.56",5.17,4/22/2022,2022-08-17,USD,
463,LA500300014110,FBNQUEST MERCHANT BANK LIMITED,LAA,"-471,500.00",7.22,5/20/2022,2022-08-18,USD,
461,LA500300014108,FBNQUEST MERCHANT BANK LIMITED,LAA,"-201,296.60",7.22,5/20/2022,2022-08-18,USD,
460,LA500300014107,FBNQUEST MERCHANT BANK LIMITED,LAA,"-120,800.00",7.22,5/20/2022,2022-08-18,USD,
459,LA500300014106,FBNQUEST MERCHANT BANK LIMITED,LAA,"-416,470.28",7.22,5/20/2022,2022-08-18,USD,
462,LA500300014109,FBNQUEST MERCHANT BANK LIMITED,LAA,"-346,367.26",7.22,5/20/2022,2022-08-18,USD,
391,LA500300014034,UNITED BANK FOR AFRICA PLC,LAA,"-1,200,107.71",5.05,4/20/2022,2022-08-18,USD,
288,LA500300013895,GLOBUS BANK LIMITED WIRE CLEAR,LAA,"-1,279,184.64",8.06,2/23/2022,2022-08-22,USD,
287,LA500300013894,GLOBUS BANK LIMITED WIRE CLEAR,LAA,"-829,810.80",8.06,2/23/2022,2022-08-22,USD,
419,LA500300014062,UNITED BANK FOR AFRICA PLC,LAA,"-40,555.00",5.41,5/4/2022,2022-08-23,USD,
415,LA500300014058,UNITED BANK FOR AFRICA PLC,LAA,"-46,775.73",5.41,5/4/2022,2022-08-23,USD,
500,LA500300014151,UNITED BANK FOR AFRICA PLC,LAA,"-348,277.59",5.12,6/7/2022,2022-08-23,USD,
407,LA500300014050,UNITED BANK FOR AFRICA PLC,LAA,"-106,250.00",5.22,4/25/2022,2022-08-23,USD,
452,LA500300014099,UNITED BANK FOR AFRICA PLC,LAA,"-58,515.42",5.51,5/18/2022,2022-08-23,USD,
289,LA500300013896,GLOBUS BANK LIMITED WIRE CLEAR,LAA,"-153,864.00",8.06,2/24/2022,2022-08-23,USD,
475,LA500300014123,GLOBUS BANK LIMITED WIRE CLEAR,LAA,"-353,780.00",7.27,5/25/2022,2022-08-23,USD,
428,LA500300014071,UNITED BANK FOR AFRICA PLC,LAA,"-446,825.45",5.46,5/10/2022,2022-08-23,USD,
412,LA500300014055,UNITED BANK FOR AFRICA PLC,LAA,"-207,808.04",5.32,4/29/2022,2022-08-23,USD,
292,LA500300013901,FBNQUEST MERCHANT BANK LIMITED,LAA,"-150,200.97",8.57,2/25/2022,2022-08-24,USD,
291,LA500300013900,FBNQUEST MERCHANT BANK LIMITED,LAA,"-138,581.76",8.57,2/25/2022,2022-08-24,USD,
290,LA500300013897,GLOBUS BANK LIMITED WIRE CLEAR,LAA,"-127,750.00",8.07,2/25/2022,2022-08-24,USD,
480,LA500300014129,FBNQUEST MERCHANT BANK LIMITED,LAA,"-528,840.00",7.28,5/26/2022,2022-08-24,USD,
493,LA500300014144,UNITED BANK FOR AFRICA PLC,LAA,"-70,185.86",5.36,6/2/2022,2022-08-25,USD,
422,LA500300014065,UNITED BANK FOR AFRICA PLC,LAA,"-868,056.32",5.48,5/5/2022,2022-08-25,USD,
426,LA500300014069,UNITED BANK FOR AFRICA PLC,LAA,"-84,500.00",5.46,5/10/2022,2022-08-25,USD,
503,LA500300014154,UNITED BANK FOR AFRICA PLC,LAA,"-76,917.50",5.41,6/8/2022,2022-08-25,USD,
418,LA500300014061,UNITED BANK FOR AFRICA PLC,LAA,"-416,145.60",5.41,5/4/2022,2022-08-25,USD,
414,LA500300014057,UNITED BANK FOR AFRICA PLC,LAA,"-80,209.78",5.59,5/2/2022,2022-08-25,USD,
429,LA500300014072,UNITED BANK FOR AFRICA PLC,LAA,"-232,667.94",5.46,5/10/2022,2022-08-26,USD,
421,LA500300014064,UNITED BANK FOR AFRICA PLC,LAA,"-83,839.85",5.48,5/5/2022,2022-08-26,USD,
468,LA500300014115,UNITED BANK FOR AFRICA PLC,LAA,"-79,200.00",5.52,5/23/2022,2022-08-26,USD,
423,LA500300014066,UNITED BANK FOR AFRICA PLC,LAA,"-122,457.80",5.48,5/5/2022,2022-08-26,USD,
467,LA500300014114,UNITED BANK FOR AFRICA PLC,LAA,"-59,600.00",5.52,5/23/2022,2022-08-26,USD,
430,LA500300014073,UNITED BANK FOR AFRICA PLC,LAA,"-40,897.17",5.73,5/11/2022,2022-08-26,USD,
437,LA500300014081,UNITED BANK FOR AFRICA PLC,LAA,"-144,425.16",5.46,5/13/2022,2022-08-26,USD,
466,LA500300014113,UNITED BANK FOR AFRICA PLC,LAA,"-60,100.00",5.52,5/23/2022,2022-08-26,USD,
450,LA500300014096,UNITED BANK FOR AFRICA PLC,LAA,"-40,248.90",5.49,5/17/2022,2022-08-26,USD,
451,LA500300014098,UNITED BANK FOR AFRICA PLC,LAA,"-3,269,404.25",5.51,5/18/2022,2022-08-26,USD,
454,LA500300014101,UNITED BANK FOR AFRICA PLC,LAA,"-49,312.52",5.51,5/18/2022,2022-08-26,USD,
427,LA500300014070,UNITED BANK FOR AFRICA PLC,LAA,"-85,621.52",5.46,5/10/2022,2022-08-26,USD,
486,LA500300014136,GLOBUS BANK LIMITED WIRE CLEAR,LAA,"-92,500.00",7.32,5/31/2022,2022-08-29,USD,
294,LA500300013905,GLOBUS BANK LIMITED WIRE CLEAR,LAA,"-65,721.00",8.07,3/2/2022,2022-08-29,USD,
484,LA500300014134,GLOBUS BANK LIMITED WIRE CLEAR,LAA,"-110,575.91",7.32,5/31/2022,2022-08-29,USD,
297,LA500300013908,FIRST CITY MONUMENT BANK PLC,LAA,"-45,322.31",5.54,3/4/2022,2022-08-30,USD,
298,LA500300013909,FIRST CITY MONUMENT BANK PLC,LAA,"-2,029,000.00",5.54,3/4/2022,2022-08-31,USD,
299,LA500300013910,FIRST CITY MONUMENT BANK PLC,LAA,"-138,603.87",5.54,3/4/2022,2022-08-31,USD,
492,LA500300014143,FBNQUEST MERCHANT BANK LIMITED,LAA,"-14,204.85",7.36,6/2/2022,2022-08-31,USD,
300,LA500300013918,STERLING BANK PLC,LAA,"-97,707.00",6.97,3/9/2022,2022-09-02,USD,
501,LA500300014152,GLOBUS BANK LIMITED WIRE CLEAR,LAA,"-214,720.00",7.85,6/7/2022,2022-09-06,USD,
499,LA500300014150,GLOBUS BANK LIMITED WIRE CLEAR,LAA,"-187,880.80",7.85,6/7/2022,2022-09-06,USD,
497,LA500300014148,FBNQUEST MERCHANT BANK LIMITED,LAA,"-211,900.00",7.85,6/7/2022,2022-09-06,USD,
496,LA500300014147,FBNQUEST MERCHANT BANK LIMITED,LAA,"-201,900.00",7.85,6/7/2022,2022-09-06,USD,
319,LA500300013945,FIRST CITY MONUMENT BANK PLC,LAA,"-1,675,431.99",6.03,3/22/2022,2022-09-06,USD,
318,LA500300013944,FIRST CITY MONUMENT BANK PLC,LAA,"-238,000.00",6.03,3/22/2022,2022-09-06,USD,
306,LA500300013928,FIRST CITY MONUMENT BANK PLC,LAA,"-1,228,675.40",5.98,3/17/2022,2022-09-06,USD,
307,LA500300013929,FIRST CITY MONUMENT BANK PLC,LAA,"-1,304,663.99",5.98,3/17/2022,2022-09-06,USD,
308,LA500300013930,FIRST CITY MONUMENT BANK PLC,LAA,"-278,757.00",5.98,3/17/2022,2022-09-06,USD,
309,LA500300013932,FIRST CITY MONUMENT BANK PLC,LAA,"-471,000.00",6,3/18/2022,2022-09-06,USD,
304,LA500300013926,FIRST CITY MONUMENT BANK PLC,LAA,"-1,042,698.00",5.88,3/15/2022,2022-09-06,USD,
303,LA500300013925,FIRST CITY MONUMENT BANK PLC,LAA,"-899,596.25",5.88,3/15/2022,2022-09-06,USD,
542,LA500300014196,FIRSTRAND BANK LIMITED,LAA,"-50,000,000.00",4.87,7/7/2022,2022-09-06,USD,
528,LA500300014182,GLOBUS BANK LIMITED WIRE CLEAR,LAA,"-21,448.00",8.91,6/10/2022,2022-09-08,USD,
527,LA500300014181,GLOBUS BANK LIMITED WIRE CLEAR,LAA,"-64,226.00",8.91,6/10/2022,2022-09-08,USD,
531,LA500300014185,GLOBUS BANK LIMITED WIRE CLEAR,LAA,"-408,971.06",8.26,6/10/2022,2022-09-08,USD,
529,LA500300014183,GLOBUS BANK LIMITED WIRE CLEAR,LAA,"-605,538.39",8.26,6/10/2022,2022-09-08,USD,
445,LA500300014091,UNITED BANK FOR AFRICA PLC,LAA,"-135,558.50",5.74,5/17/2022,2022-09-09,USD,
320,LA500300013946,FIRST CITY MONUMENT BANK PLC,LAA,"-325,000.00",6.03,3/22/2022,2022-09-09,USD,
383,LA500300014025,CORONATION MERCHANT BANK,LAA,"-328,320.00",7.3,4/15/2022,2022-09-12,USD,
305,LA500300013927,FIRST CITY MONUMENT BANK PLC,LAA,"-476,504.73",5.92,3/16/2022,2022-09-12,USD,
508,LA500300014159,GLOBUS BANK LIMITED WIRE CLEAR,LAA,"-45,710.00",7.49,6/14/2022,2022-09-12,USD,
310,LA500300013933,FIRST CITY MONUMENT BANK PLC,LAA,"-97,895.12",6,3/18/2022,2022-09-12,USD,
302,LA500300013924,GLOBUS BANK LIMITED WIRE CLEAR,LAA,"-44,500.00",8.95,3/15/2022,2022-09-12,USD,
511,LA500300014162,ACCESS BANK NIGERIA PLC,LAA,"-84,660.00",6.57,6/15/2022,2022-09-13,USD,
530,LA500300014184,GLOBUS BANK LIMITED WIRE CLEAR,LAA,"-73,022.50",8.51,6/15/2022,2022-09-13,USD,
510,LA500300014161,ACCESS BANK NIGERIA PLC,LAA,"-84,660.00",6.57,6/15/2022,2022-09-13,USD,
512,LA500300014163,ACCESS BANK NIGERIA PLC,LAA,"-84,660.00",6.57,6/15/2022,2022-09-13,USD,
453,LA500300014100,UNITED BANK FOR AFRICA PLC,LAA,"-130,196.75",5.76,5/18/2022,2022-09-14,USD,
197,LA500100000004,BANK OF INDUSTRY LIMITED,LAA,"-27,223,000.00",7.74,12/18/2020,2022-09-14,USD,
516,LA500300014167,GLOBUS BANK LIMITED WIRE CLEAR,LAA,"-111,049.14",7.77,6/17/2022,2022-09-15,USD,
479,LA500300014127,UNITED BANK FOR AFRICA PLC,LAA,"-234,000.00",5.81,5/25/2022,2022-09-16,USD,
478,LA500300014126,UNITED BANK FOR AFRICA PLC,LAA,"-425,563.82",5.81,5/25/2022,2022-09-16,USD,
482,LA500300014131,UNITED BANK FOR AFRICA PLC,LAA,"-2,130,520.00",5.8,5/27/2022,2022-09-16,USD,
477,LA500300014125,UNITED BANK FOR AFRICA PLC,LAA,"-2,156,000.00",5.81,5/25/2022,2022-09-16,USD,
337,LA500300013966,GLOBUS BANK LIMITED WIRE CLEAR,LAA,"-672,000.00",8.82,3/28/2022,2022-09-16,USD,
344,LA500300013975,GLOBUS BANK LIMITED WIRE CLEAR,LAA,"-127,750.00",8.86,3/30/2022,2022-09-16,USD,
312,LA500300013938,ACCESS BANK NIGERIA PLC,LAA,"-5,947,998.49",5.12,3/21/2022,2022-09-16,EUR,
317,LA500300013943,FIDELITY BANK PLC TRADING ACCO,LAA,"-11,750,000.00",5.84,3/22/2022,2022-09-16,USD,
517,LA500300014168,FBNQUEST MERCHANT BANK LIMITED,LAA,"-254,330.00",7.81,6/21/2022,2022-09-19,USD,
321,LA500300013949,GLOBUS BANK LIMITED WIRE CLEAR,LAA,"-793,702.80",9.67,3/22/2022,2022-09-19,USD,
324,LA500300013952,CORONATION MERCHANT BANK,LAA,"-10,054,592.84",5.5,3/23/2022,2022-09-19,USD,
325,LA500300013953,STERLING BANK PLC,LAA,"-213,043.62",7.13,3/24/2022,2022-09-20,USD,
342,LA500300013973,FIRST CITY MONUMENT BANK PLC,LAA,"-158,008.00",6.2,3/29/2022,2022-09-20,USD,
327,LA500300013955,GLOBUS BANK LIMITED WIRE CLEAR,LAA,"-214,720.00",8.78,3/24/2022,2022-09-20,USD,
329,LA500300013957,FIRST CITY MONUMENT BANK PLC,LAA,"-278,757.00",6.13,3/25/2022,2022-09-20,USD,
341,LA500300013972,FIRST CITY MONUMENT BANK PLC,LAA,"-291,339.64",6.2,3/29/2022,2022-09-20,USD,
331,LA500300013959,FIRST CITY MONUMENT BANK PLC,LAA,"-2,849.25",6.13,3/25/2022,2022-09-20,USD,
326,LA500300013954,STERLING BANK PLC,LAA,"-11,345.44",7.13,3/24/2022,2022-09-20,USD,
330,LA500300013958,FIRST CITY MONUMENT BANK PLC,LAA,"-53,441.09",6.13,3/25/2022,2022-09-20,USD,
343,LA500300013974,FIRST CITY MONUMENT BANK PLC,LAA,"-500,000.00",6.2,3/29/2022,2022-09-20,USD,
334,LA500300013962,GLOBUS BANK LIMITED WIRE CLEAR,LAA,"-85,116.06",8.84,3/25/2022,2022-09-21,USD,
301,LA500300013922,GLOBUS BANK LIMITED WIRE CLEAR,LAA,"-167,037.95",9.62,3/14/2022,2022-09-21,USD,
336,LA500300013964,FBNQUEST MERCHANT BANK LIMITED,LAA,"-597,813.68",8.83,3/28/2022,2022-09-23,USD,
495,LA500300014146,UNITED BANK FOR AFRICA PLC,LAA,"-152,851.20",5.6,6/3/2022,2022-09-23,USD,
203,LA500100000016,ACCESS BANK UK LIMTED,LAA,"-50,000,000.00",4.4,6/28/2022,2022-09-26,USD,
533,LA500300014187,GLOBUS BANK LIMITED WIRE CLEAR,LAA,"-231,517.00",7.98,6/28/2022,2022-09-26,USD,
532,LA500300014186,GLOBUS BANK LIMITED WIRE CLEAR,LAA,"-192,773.66",7.98,6/28/2022,2022-09-26,USD,
347,LA500300013980,NOVA MERCHANT BANK,LAA,"-396,000.00",7.24,3/31/2022,2022-09-27,USD,
535,LA500300014189,FBNQUEST MERCHANT BANK LIMITED,LAA,"-42,760.00",7.73,6/29/2022,2022-09-27,USD,
534,LA500300014188,FBNQUEST MERCHANT BANK LIMITED,LAA,"-965,748.43",7.73,6/29/2022,2022-09-27,USD,
494,LA500300014145,UNITED BANK FOR AFRICA PLC,LAA,"-722,304.00",5.85,6/2/2022,2022-09-27,USD,
540,LA500300014194,TITAN TRUST BANK LIMITED EUR E,LAA,"-4,930,200.00",6.54,7/6/2022,2022-09-28,USD,
353,LA500300013986,GLOBUS BANK LIMITED WIRE CLEAR,LAA,"-117,600.00",8.87,4/1/2022,2022-09-28,USD,
539,LA500300014193,GREENWICH MERCHANT BANK LIMITE,LAA,"-9,517.17",8,6/30/2022,2022-09-28,USD,
487,LA500300014137,STERLING BANK PLC,LAA,"-99,450.00",7.83,6/1/2022,2022-09-29,USD,
295,LA500300013906,UNION BANK,LAA,"-125,460.00",7.44,3/3/2022,2022-09-29,USD,
267,LA500300013782,STERLING BANK PLC,LAA,"-70,201.56",8.35,1/28/2022,2022-09-29,USD,
262,LA500300013776,STERLING BANK PLC,LAA,"-26,016.05",8.35,1/25/2022,2022-09-29,USD,
237,LA500300013649,STERLING BANK PLC,LAA,"-1,277,000.00",9.85,11/26/2021,2022-09-29,USD,
488,LA500300014138,STERLING BANK PLC,LAA,"-99,450.00",7.83,6/1/2022,2022-09-29,USD,
272,LA500300013787,STERLING BANK PLC,LAA,"-990,138.85",9.6,1/31/2022,2022-09-29,USD,
364,LA500300013999,UNION BANK,LAA,"-627,900.00",8.43,4/6/2022,2022-10-03,USD,
420,LA500300014063,CORONATION MERCHANT BANK,LAA,"-514,663.00",7.73,5/5/2022,2022-10-03,USD,
366,LA500300014002,GLOBUS BANK LIMITED WIRE CLEAR,LAA,"-202,675.00",8.89,4/7/2022,2022-10-04,USD,
507,LA500300014158,UNITED BANK FOR AFRICA PLC,LAA,"-172,650.00",5.79,6/13/2022,2022-10-04,USD,
369,LA500300014006,GLOBUS BANK LIMITED WIRE CLEAR,LAA,"-204,015.00",8.96,4/8/2022,2022-10-05,USD,
541,LA500300014195,GLOBUS BANK LIMITED WIRE CLEAR,LAA,"-106,408.16",6.64,7/8/2022,2022-10-06,USD,
371,LA500300014010,FBNQUEST MERCHANT BANK LIMITED,LAA,"-139,480.00",9.05,4/11/2022,2022-10-07,USD,
370,LA500300014009,FBNQUEST MERCHANT BANK LIMITED,LAA,"-121,480.00",9.05,4/11/2022,2022-10-07,USD,
376,LA500300014015,FIRST CITY MONUMENT BANK PLC,LAA,"-12,046.27",6.3,4/13/2022,2022-10-07,USD,
375,LA500300014014,FIRST CITY MONUMENT BANK PLC,LAA,"-16,139.08",6.3,4/13/2022,2022-10-07,USD,
379,LA500300014021,FIRST CITY MONUMENT BANK PLC,LAA,"-123,882.00",6.3,4/15/2022,2022-10-10,USD,
380,LA500300014022,FIRST CITY MONUMENT BANK PLC,LAA,"-32,404.50",6.3,4/15/2022,2022-10-10,USD,
381,LA500300014023,FIRST CITY MONUMENT BANK PLC,LAA,"-135,429.69",6.3,4/15/2022,2022-10-10,USD,
382,LA500300014024,FIRST CITY MONUMENT BANK PLC,LAA,"-35,000.00",6.3,4/15/2022,2022-10-10,USD,
378,LA500300014019,GLOBUS BANK LIMITED WIRE CLEAR,LAA,"-153,000.00",9.07,4/14/2022,2022-10-11,USD,
377,LA500300014018,GLOBUS BANK LIMITED WIRE CLEAR,LAA,"-50,916.97",9.07,4/14/2022,2022-10-11,USD,
384,LA500300014027,GLOBUS BANK LIMITED WIRE CLEAR,LAA,"-146,641.98",9.06,4/15/2022,2022-10-12,USD,
388,LA500300014031,FIRST CITY MONUMENT BANK PLC,LAA,"-3,666.75",6.3,4/19/2022,2022-10-14,USD,
396,LA500300014039,FIRST CITY MONUMENT BANK PLC,LAA,"-39,140.47",6.35,4/21/2022,2022-10-17,USD,
408,LA500300014051,FIRST CITY MONUMENT BANK PLC,LAA,"-13,567.56",6.47,4/25/2022,2022-10-17,USD,
395,LA500300014038,FIRST CITY MONUMENT BANK PLC,LAA,"-29,711.43",6.35,4/21/2022,2022-10-17,USD,
411,LA500300014054,GREENWICH MERCHANT BANK LIMITE,LAA,"-153,000.00",7.07,4/28/2022,2022-10-21,USD,
359,LA500300013993,GREENWICH MERCHANT BANK LIMITE,LAA,"-355,328.00",7.42,4/5/2022,2022-10-21,USD,
483,LA500300014132,CORONATION MERCHANT BANK,LAA,"-235,158.67",7.8,5/27/2022,2022-10-24,USD,
537,LA500300014191,UNITED BANK FOR AFRICA PLC,LAA,"-483,238.40",6.37,6/30/2022,2022-10-27,USD,
538,LA500300014192,UNITED BANK FOR AFRICA PLC,LAA,"-488,710.40",6.37,6/30/2022,2022-10-27,USD,
413,LA500300014056,STERLING BANK PLC,LAA,"-46,310.47",7.84,5/2/2022,2022-10-28,USD,
490,LA500300014141,CORONATION MERCHANT BANK,LAA,"-156,125.70",7.85,6/2/2022,2022-10-31,USD,
417,LA500300014060,STERLING BANK PLC,LAA,"-56,693.94",7.91,5/4/2022,2022-10-31,USD,
457,LA500300014104,CORONATION MERCHANT BANK,LAA,"-461,977.84",6.75,5/19/2022,2022-11-15,USD,
456,LA500300014103,CORONATION MERCHANT BANK,LAA,"-127,975.00",6.75,5/19/2022,2022-11-15,USD,
455,LA500300014102,CORONATION MERCHANT BANK,LAA,"-37,617.00",6.75,5/19/2022,2022-11-15,USD,
458,LA500300014105,CORONATION MERCHANT BANK,LAA,"-93,029.00",6.75,5/19/2022,2022-11-15,USD,
465,LA500300014112,CORONATION MERCHANT BANK,LAA,"-1,000,000.00",6.78,5/20/2022,2022-11-16,USD,
471,LA500300014119,STERLING BANK PLC,LAA,"-693,715.00",7.81,5/24/2022,2022-11-18,USD,
474,LA500300014122,STERLING BANK PLC,LAA,"-261,040.00",7.81,5/24/2022,2022-11-18,USD,
473,LA500300014121,STERLING BANK PLC,LAA,"-115,360.00",7.81,5/24/2022,2022-11-18,USD,
472,LA500300014120,STERLING BANK PLC,LAA,"-152,412.32",7.81,5/24/2022,2022-11-18,USD,
470,LA500300014118,NOVA MERCHANT BANK,LAA,"-1,078,000.00",8.48,5/24/2022,2022-11-21,USD,
476,LA500300014124,STERLING BANK PLC,LAA,"-94,880.00",7.81,5/25/2022,2022-11-21,USD,
469,LA500300014117,NOVA MERCHANT BANK,LAA,"-2,875,981.06",8.48,5/24/2022,2022-11-21,USD,
518,LA500300014169,CORONATION MERCHANT BANK,LAA,"-236,241.02",8.53,6/22/2022,2022-11-21,USD,
491,LA500300014142,FIRST CITY MONUMENT BANK PLC,LAA,"-518,841.48",6.85,6/2/2022,2022-11-22,USD,
481,LA500300014130,STERLING BANK PLC,LAA,"-2,000,000.00",7.8,5/27/2022,2022-11-23,USD,
201,LA500100000014,STERLING BANK PLC,LAA,"-2,480,000.00",7.82,5/31/2022,2022-11-25,USD,
485,LA500300014135,FIRST CITY MONUMENT BANK PLC,LAA,"-1,040,000.00",6.82,5/31/2022,2022-11-25,USD,
489,LA500300014139,FIRST CITY MONUMENT BANK PLC,LAA,"-81,750.00",6.83,6/1/2022,2022-11-28,USD,
502,LA500300014153,STERLING BANK PLC,LAA,"-97,412.28",7.93,6/8/2022,2022-12-05,USD,
504,LA500300014155,STERLING BANK PLC,LAA,"-237,623.54",7.93,6/8/2022,2022-12-05,USD,
506,LA500300014157,STERLING BANK PLC,LAA,"-391,202.25",7.98,6/9/2022,2022-12-06,USD,
505,LA500300014156,FIRST CITY MONUMENT BANK PLC,LAA,"-2,840,000.00",6.98,6/9/2022,2022-12-06,USD,
543,LA500300014197,CORONATION MERCHANT BANK,LAA,"-161,370.00",7.82,7/13/2022,2022-12-12,USD,
509,LA500300014160,STERLING BANK PLC,LAA,"-148,024.21",8.26,6/15/2022,2022-12-12,USD,
514,LA500300014165,FIRST CITY MONUMENT BANK PLC,LAA,"-44,404.00",7.49,6/17/2022,2022-12-13,USD,
513,LA500300014164,FIRST CITY MONUMENT BANK PLC,LAA,"-434,059.86",7.49,6/17/2022,2022-12-13,USD,
515,LA500300014166,NOVA MERCHANT BANK,LAA,"-326,119.55",8.49,6/17/2022,2022-12-14,USD,
519,LA500300014171,FIRST CITY MONUMENT BANK PLC,LAA,"-72,330.00",7.59,6/23/2022,2022-12-19,USD,
520,LA500300014173,FIRST CITY MONUMENT BANK PLC,LAA,"-345,479.01",7.59,6/23/2022,2022-12-19,USD,
536,LA500300014190,CORONATION MERCHANT BANK,LAA,"-410,160.00",8.32,6/29/2022,2022-12-27,USD,
211,LA500300010377,SHELL PETROLEUM DEV. CO. LTD.,LAA,"-487,948.08",8.21,6/28/2019,2024-06-23,USD,
209,LA500300009396,SHELL PETROLEUM DEV. CO. LTD.,LAA,"-615,011.84",10.44,7/26/2018,2024-06-23,USD,
207,LA500300009064,CHEVRON NIGERIA LIMITED (CNL),LAA,"-440,133.16",9.48,12/4/2017,2024-09-16,USD,
206,LA500300009003,CHEVRON NIGERIA LIMITED (CNL),LAA,"-1,634,373.90",9.36,10/20/2017,2024-09-16,USD,
205,LA500300008967,CHEVRON NIGERIA LIMITED (CNL),LAA,"-3,900,795.52",9.31,9/15/2017,2024-09-16,USD,
210,LA500300009873,SHELL PETROLEUM DEV. CO. LTD.,LAA,"-887,517.98",8.87,2/11/2019,2024-12-17,USD,
208,LA500300009184,SHELL PETROLEUM DEV. CO. LTD.,LAA,"-1,310,950.28",10.05,2/15/2018,2024-12-17,USD,
204,LA500300008955,SHELL PETROLEUM DEV. CO. LTD.,LAA,"-1,056,961.29",9.47,9/22/2017,2024-12-17,USD,
